Function Name,Exclusive Samples,Exclusive Samples %,Inclusive Samples,Inclusive Samples %,Source Line Begin,Source Character Begin,Source Line End,Source Character End,
"[KernelBase.dll]","2,18,776",57.31,"2,18,781",57.31,0,0,0,0,
"[Microsoft.Quantum.Simulator.Runtime.dll]","73,920",19.36,"77,877",20.40,0,0,0,0,
"Microsoft.Quantum.Simulation.Core.GetQubitsHelper.GetQubitsFromTuple","32,120",8.41,"39,302",10.30,0,0,0,0,
"[vcomp140.dll]","13,260",3.47,"2,34,004",61.30,0,0,0,0,
"Microsoft.Quantum.Simulation.Core.Extensions.GetQubits","6,471",1.70,"9,848",2.58,0,0,0,0,
"Microsoft.Quantum.Simulation.Core.QArray`1[System.__Canon].op_Addition","4,964",1.30,"4,979",1.30,0,0,0,0,
"Microsoft.Quantum.Simulation.Core.GetQubitsHelper.GetToQubitArrayMap","2,654",0.70,"2,656",0.70,0,0,0,0,
"Microsoft.Quantum.Simulation.Simulators.SimulatorBase.Get","2,039",0.53,"3,497",0.92,0,0,0,0,
"Microsoft.Quantum.Simulation.Core.PartialMapper.CastTuple","1,723",0.45,"1,828",0.48,0,0,0,0,
"[Unknown]","1,539",0.40,"1,51,591",39.71,0,0,0,0,
"Microsoft.Quantum.Simulation.Core.TypeExtensions.Normalize","1,489",0.39,"2,873",0.75,0,0,0,0,
"Microsoft.Quantum.Simulation.Simulators.AbstractFactory`1[System.__Canon].GetInstance","1,324",0.35,"1,457",0.38,0,0,0,0,
"Microsoft.Quantum.Simulation.Core.PartialMapper+<>c__DisplayClass8_0`2[System.__Canon,System.ValueTuple`2[System.__Canon,System.__Canon]].<Create>b__0","1,284",0.34,"4,216",1.10,0,0,0,0,
"Microsoft.Quantum.Simulation.Core.GenericOperation.CreateOperation","1,132",0.30,"2,676",0.70,0,0,0,0,
"Microsoft.Quantum.Simulation.Core.GenericOperation.Apply",995,0.26,"5,863",1.54,0,0,0,0,
"Microsoft.Quantum.Simulation.Core.Qubit.GetQubits",835,0.22,843,0.22,0,0,0,0,
"Microsoft.Quantum.Simulation.Core.PartialMapper.GetTupleValues",772,0.20,983,0.26,0,0,0,0,
"Microsoft.Quantum.Simulation.Core.Extensions.JoinArrays",738,0.19,"5,688",1.49,0,0,0,0,
"Microsoft.Quantum.Simulation.Core.GenericOperation.CreateOperation",736,0.19,"1,819",0.48,0,0,0,0,
"Microsoft.Quantum.Simulation.Core.GetQubitsHelper.CanHaveQubitsSimple",715,0.19,716,0.19,0,0,0,0,
"Microsoft.Quantum.Simulation.Core.GenericOperation.FindClosedType",617,0.16,"1,040",0.27,0,0,0,0,
"System.Linq.Enumerable.Select",574,0.15,577,0.15,0,0,0,0,
"Microsoft.Quantum.Simulation.Common.QubitManagerTrackingScope.OnOperationStart",503,0.13,508,0.13,0,0,0,0,
"Microsoft.Quantum.Simulation.Core.GenericOperation.FindClosedType",495,0.13,"1,489",0.39,0,0,0,0,
"Microsoft.Quantum.Simulation.Core.GenericOperation.Apply",460,0.12,"89,377",23.41,0,0,0,0,
"Microsoft.Quantum.Simulation.Core.TypeExtensions.IsTuple",422,0.11,430,0.11,0,0,0,0,
"Microsoft.Quantum.Simulation.Core.PartialMapper.BuildTuple",406,0.11,412,0.11,0,0,0,0,
"Microsoft.Quantum.Simulation.Core.Operation`2[System.ValueTuple`2[System.__Canon,System.__Canon],System.__Canon].FindPartialType",392,0.10,503,0.13,0,0,0,0,
"Microsoft.Quantum.Simulation.Core.GenericOperation.Resolve",391,0.10,"1,511",0.40,0,0,0,0,
"Microsoft.Quantum.Simulation.Core.Adjointable`1[System.ValueTuple`2[System.__Canon,System.__Canon]].Microsoft.Quantum.Simulation.Core.IAdjointable.Partial",374,0.10,"1,026",0.27,0,0,0,0,
"[clrjit.dll]",372,0.10,412,0.11,0,0,0,0,
"Microsoft.Quantum.Primitive.RFrac.<get_ControlledAdjointBody>b__17_0",339,0.09,"38,144",9.99,0,0,0,0,
"Microsoft.Quantum.Simulation.Common.QubitManagerTrackingScope.OnOperationEnd",329,0.09,329,0.09,0,0,0,0,
"Microsoft.Quantum.Simulation.Core.GenericOperation.FindClosedType",322,0.08,429,0.11,0,0,0,0,
"Microsoft.Quantum.Primitive.RFrac.<get_ControlledBody>b__15_0",309,0.08,"37,463",9.81,0,0,0,0,
"Microsoft.Quantum.Simulation.Core.GenericOperation.CreateOperation",303,0.08,754,0.20,0,0,0,0,
"Microsoft.Quantum.Canon.ApplyReversedOpBigEndianCA.<get_Body>b__9_0",289,0.08,"42,406",11.11,0,0,0,0,
"Microsoft.Quantum.Primitive.RFrac.get_MicrosoftQuantumExtensionsConvertToDouble",242,0.06,242,0.06,0,0,0,0,
"Microsoft.Quantum.Simulation.Simulators.QuantumSimulator+QSimR.<get_ControlledBody>b__11_0",218,0.06,"47,546",12.45,0,0,0,0,
"Microsoft.Quantum.Canon.ApplyReversedOpBigEndianCA.<get_AdjointBody>b__11_0",212,0.06,"42,945",11.25,0,0,0,0,
"Microsoft.Quantum.Canon.CopyMostSignificantBitLE.<get_AdjointBody>b__13_0",181,0.05,"4,215",1.10,0,0,0,0,
"Microsoft.Quantum.Canon.CopyMostSignificantBitLE.<get_Body>b__11_0",162,0.04,"4,238",1.11,0,0,0,0,
"Microsoft.Quantum.Canon.ApproximateQFT.<get_Body>b__13_0",161,0.04,"40,767",10.68,0,0,0,0,
"Microsoft.Quantum.Primitive.R1Frac.get_RFrac",149,0.04,149,0.04,0,0,0,0,
"Microsoft.Quantum.Simulation.Core.PartialMapper+<>c__DisplayClass8_0`2[System.__Canon,System.ValueTuple`4[System.Int64,System.Int64,System.__Canon,System.__Canon]].<Create>b__0",149,0.04,379,0.10,0,0,0,0,
"Microsoft.Quantum.Canon.ApproximateQFT.<get_AdjointBody>b__15_0",146,0.04,"41,442",10.86,0,0,0,0,
"Microsoft.Quantum.Simulation.Core.GenericAdjoint.CreateOperation",139,0.04,605,0.16,0,0,0,0,
"Microsoft.Quantum.Simulation.Core.Operation`2[System.ValueTuple`4[System.Int64,System.Int64,System.__Canon,System.__Canon],System.__Canon].FindPartialType",133,0.03,162,0.04,0,0,0,0,
"Microsoft.Quantum.Simulation.Simulators.SimulatorBase.StartOperation",118,0.03,"49,616",13.00,0,0,0,0,
"Microsoft.Quantum.Simulation.Core.Operation`2[System.ValueTuple`2[System.__Canon,System.__Canon],System.__Canon].Partial",113,0.03,619,0.16,0,0,0,0,
"System.Linq.Enumerable+SelectListIterator`2[System.__Canon,System.UInt32].ToArray",112,0.03,117,0.03,0,0,0,0,
"Microsoft.Quantum.Primitive.RFrac.get_MicrosoftQuantumExtensionsMathPI",107,0.03,107,0.03,0,0,0,0,
"Microsoft.Quantum.Primitive.R1Frac.<get_ControlledAdjointBody>b__13_0",106,0.03,"44,146",11.56,0,0,0,0,
"Microsoft.Quantum.Simulation.Core.TypeExtensions.IsCallable",106,0.03,106,0.03,0,0,0,0,
"Microsoft.Quantum.Simulation.Core.Unitary`1[System.ValueTuple`4[System.Int64,System.Int64,System.__Canon,System.__Canon]].Microsoft.Quantum.Simulation.Core.IUnitary.Partial",106,0.03,293,0.08,0,0,0,0,
"[ucrtbase.dll]",103,0.03,107,0.03,0,0,0,0,
"dynamicClass.IL_STUB_PInvoke",102,0.03,"46,613",12.21,0,0,0,0,
"Microsoft.Quantum.Primitive.CNOT.<get_Body>b__7_0",102,0.03,"16,193",4.24,0,0,0,0,
"Microsoft.Quantum.Simulation.Core.PartialCapturedQubits`2+<>c__DisplayClass1_0[System.__Canon,System.ValueTuple`2[System.__Canon,System.__Canon]].<.ctor>b__0",93,0.02,875,0.23,0,0,0,0,
"Microsoft.Quantum.Simulation.Core.TypeExtensions.IsControllable",91,0.02,92,0.02,0,0,0,0,
"Microsoft.Quantum.Simulation.Core.TypeExtensions.IsUnitary",88,0.02,88,0.02,0,0,0,0,
"Microsoft.Quantum.Primitive.RFrac.get_R",87,0.02,87,0.02,0,0,0,0,
"Microsoft.Quantum.Primitive.R1Frac.<get_ControlledBody>b__11_0",85,0.02,"43,423",11.37,0,0,0,0,
"Microsoft.Quantum.Simulation.Core.TypeExtensions.IsAdjointable",81,0.02,81,0.02,0,0,0,0,
"Microsoft.Quantum.Simulation.Core.Operation`2[System.Int64,System.Double].Microsoft.Quantum.Simulation.Core.ICallable.Apply",80,0.02,243,0.06,0,0,0,0,
"Microsoft.Quantum.Simulation.Core.Operation`2[System.__Canon,System.Double].Microsoft.Quantum.Simulation.Core.ICallable.Apply",75,0.02,182,0.05,0,0,0,0,
"Microsoft.Quantum.Simulation.Simulators.Extensions.GetIds",75,0.02,658,0.17,0,0,0,0,
"Microsoft.Quantum.Simulation.Core.GenericOperation..ctor",69,0.02,69,0.02,0,0,0,0,
"System.Linq.Enumerable.ToArray",67,0.02,67,0.02,0,0,0,0,
"Microsoft.Quantum.Canon.ApproximateQFT.get_MicrosoftQuantumPrimitiveR1Frac",66,0.02,221,0.06,0,0,0,0,
"Microsoft.Quantum.Simulation.Simulators.SimulatorBase.EndOperation",62,0.02,376,0.10,0,0,0,0,
"Microsoft.Quantum.Simulation.Simulators.QuantumSimulator+QSimR.get_ControlledBody",61,0.02,61,0.02,0,0,0,0,
"Microsoft.Quantum.Primitive.RFrac.get_ControlledBody",60,0.02,61,0.02,0,0,0,0,
"Microsoft.Quantum.Simulation.Core.Operation`2[System.ValueTuple`2[System.__Canon,System.ValueTuple`3[Microsoft.Quantum.Simulation.Core.Pauli,System.Double,System.__Canon]],System.__Canon].Apply",59,0.02,"47,799",12.52,0,0,0,0,
"Microsoft.Quantum.Simulation.Core.Extensions.Pow",58,0.02,58,0.02,0,0,0,0,
"Microsoft.Quantum.Simulation.Simulators.QuantumSimulator+QSimX.<get_ControlledBody>b__9_0",56,0.01,"14,001",3.67,0,0,0,0,
"Microsoft.Quantum.Simulation.Core.AbstractOperation.get_Factory",54,0.01,54,0.01,0,0,0,0,
"Microsoft.Quantum.Simulation.Core.Range+<GetEnumerator>d__12.MoveNext",54,0.01,54,0.01,0,0,0,0,
"Microsoft.Quantum.Simulation.Simulators.QuantumSimulator+QSimR.<get_ControlledAdjointBody>b__13_0",52,0.01,"24,065",6.30,0,0,0,0,
"Microsoft.Quantum.Simulation.Core.ControlledOperation`2[System.ValueTuple`4[Microsoft.Quantum.Simulation.Core.Pauli,System.Int64,System.Int64,System.__Canon],System.__Canon].get_Body",49,0.01,49,0.01,0,0,0,0,
"Microsoft.Quantum.Canon.IntegerIncrementPhaseLE.<get_ControlledAdjointBody>b__13_0",48,0.01,"13,772",3.61,0,0,0,0,
"Microsoft.Quantum.Simulation.Core.Operation`2[System.__Canon,System.Double].Apply",48,0.01,81,0.02,0,0,0,0,
"Microsoft.Quantum.Canon.ApproximateQFT.get_MicrosoftQuantumPrimitiveH",47,0.01,154,0.04,0,0,0,0,
"Microsoft.Quantum.Canon.IntegerIncrementPhaseLE.get_MicrosoftQuantumPrimitiveR1Frac",45,0.01,124,0.03,0,0,0,0,
"Microsoft.Quantum.Simulation.Core.Operation`2[System.ValueTuple`2[System.__Canon,System.ValueTuple`4[Microsoft.Quantum.Simulation.Core.Pauli,System.Int64,System.Int64,System.__Canon]],System.__Canon].Apply",45,0.01,"75,814",19.86,0,0,0,0,
"Microsoft.Quantum.Canon.IntegerIncrementPhaseLE.<get_ControlledBody>b__11_0",42,0.01,"14,070",3.69,0,0,0,0,
"Microsoft.Quantum.Canon.ExtendedGCD.<get_Body>b__11_0",40,0.01,"6,003",1.57,0,0,0,0,
"Microsoft.Quantum.Primitive.RFrac.get_ControlledAdjointBody",39,0.01,39,0.01,0,0,0,0,
"Microsoft.Quantum.Simulation.Core.PartialMapper+<>c__DisplayClass8_0`2[System.ValueTuple`2[System.Int64,System.__Canon],System.ValueTuple`4[System.Int64,System.Int64,System.Int64,System.__Canon]].<Create>b__0",39,0.01,149,0.04,0,0,0,0,
"Microsoft.Quantum.Simulation.Core.Unitary`1[System.ValueTuple`3[System.Int64,System.Int64,System.__Canon]].Microsoft.Quantum.Simulation.Core.IUnitary<I>.get_Controlled",39,0.01,39,0.01,0,0,0,0,
"Microsoft.Quantum.Simulation.Simulators.QuantumSimulator+QSimR+<>c__DisplayClass11_0.<get_ControlledBody>b__2",38,0.01,"46,651",12.22,0,0,0,0,
"Microsoft.Quantum.Primitive.CNOT.get_Body",37,0.01,39,0.01,0,0,0,0,
"Microsoft.Quantum.Primitive.SWAP.get_CNOT",37,0.01,37,0.01,0,0,0,0,
"Microsoft.Quantum.Simulation.Core.ControlledOperation`2[System.ValueTuple`3[Microsoft.Quantum.Simulation.Core.Pauli,System.Double,System.__Canon],System.__Canon].get_Body",37,0.01,37,0.01,0,0,0,0,
"Microsoft.Quantum.Simulation.Core.GetQubitsHelper+<>c.<MakeGetQubitsFunctionsDictionary>b__0_2",37,0.01,37,0.01,0,0,0,0,
"Microsoft.Quantum.Primitive.CNOT.get_X",36,0.01,36,0.01,0,0,0,0,
"Microsoft.Quantum.Simulation.Core.PartialMapper+<Combine>d__7.MoveNext",36,0.01,167,0.04,0,0,0,0,
"Microsoft.Quantum.Canon.SwapReverseRegister.<get_Body>b__7_0",34,0.01,"11,167",2.93,0,0,0,0,
"Microsoft.Quantum.Extensions.Convert.Native+ToDouble.get_Body",34,0.01,34,0.01,0,0,0,0,
"Microsoft.Quantum.Simulation.Simulators.QuantumSimulator.SafeControlled",34,0.01,879,0.23,0,0,0,0,
"System.ValueTuple`3[System.Int64,System.Int64,System.__Canon]..ctor",34,0.01,34,0.01,0,0,0,0,
"Microsoft.Quantum.Extensions.Math.Native+PI.get_Body",33,0.01,33,0.01,0,0,0,0,
"Microsoft.Quantum.Simulation.Core.TypeExtensions.IsFullyDefined",33,0.01,128,0.03,0,0,0,0,
"Microsoft.Quantum.Simulation.Core.PartialCapturedQubits`2+<>c__DisplayClass1_0[System.__Canon,System.ValueTuple`4[System.Int64,System.Int64,System.__Canon,System.__Canon]].<.ctor>b__0",32,0.01,305,0.08,0,0,0,0,
"Microsoft.Quantum.Primitive.SWAP.<get_Body>b__7_0",31,0.01,"10,932",2.86,0,0,0,0,
"Microsoft.Quantum.Simulation.Simulators.QuantumSimulator+QSimR.get_ControlledAdjointBody",31,0.01,33,0.01,0,0,0,0,
"Microsoft.Quantum.Simulation.Core.Operation`2[System.ValueTuple`2[System.__Canon,System.ValueTuple`3[Microsoft.Quantum.Simulation.Core.Pauli,System.Double,System.__Canon]],System.__Canon].Microsoft.Quantum.Simulation.Core.ICallable<I,O>.Apply",30,0.01,"47,829",12.53,0,0,0,0,
"dynamicClass.IL_STUB_PInvoke",28,0.01,"13,736",3.60,0,0,0,0,
"Microsoft.Quantum.Simulation.Core.TypeExtensions.IsQubit",28,0.01,28,0.01,0,0,0,0,
"Microsoft.Quantum.Canon.Reverse`1[System.__Canon].<get_Body>b__5_0",27,0.01,229,0.06,0,0,0,0,
"Microsoft.Quantum.Simulation.Core.Operation`2[System.Int64,System.Double].Apply",26,0.01,60,0.02,0,0,0,0,
"Microsoft.Quantum.Canon.ModularIncrementPhaseLE.<get_ControlledAdjointBody>b__31_0",25,0.01,"64,732",16.96,0,0,0,0,
"Microsoft.Quantum.Simulation.Core.Range.GetEnumerator",25,0.01,25,0.01,0,0,0,0,
"Microsoft.Quantum.Simulation.Simulators.QuantumSimulator+QSimH.get_Body",24,0.01,25,0.01,0,0,0,0,
"Microsoft.Quantum.Canon.WithA`1[System.__Canon].<get_AdjointBody>b__7_0",23,0.01,"43,843",11.48,0,0,0,0,
"Microsoft.Quantum.Simulation.Core.Operation`2[System.__Canon,System.__Canon]..ctor",23,0.01,23,0.01,0,0,0,0,
"Microsoft.Quantum.Simulation.Core.Operation`2[System.__Canon,System.__Canon].Microsoft.Quantum.Simulation.Core.ICallable.Apply",23,0.01,937,0.25,0,0,0,0,
"Microsoft.Quantum.Canon.ApproximateQFT.get_AssertBoolEqual",22,0.01,70,0.02,0,0,0,0,
"Microsoft.Quantum.Simulation.Core.AdjointedOperation`2[System.__Canon,System.__Canon].get_Body",22,0.01,22,0.01,0,0,0,0,
"Microsoft.Quantum.Simulation.Core.Operation`2[System.__Canon,System.__Canon].Apply",22,0.01,149,0.04,0,0,0,0,
"Microsoft.Quantum.Simulation.Core.Unitary`1[System.ValueTuple`4[Microsoft.Quantum.Simulation.Core.Pauli,System.Int64,System.Int64,System.__Canon]].Microsoft.Quantum.Simulation.Core.IUnitary<I>.get_Adjoint",22,0.01,22,0.01,0,0,0,0,
"Microsoft.Quantum.Canon.AssertBoolEqual.get_Body",21,0.01,21,0.01,0,0,0,0,
"Microsoft.Quantum.Primitive.RFrac.<get_AdjointBody>b__13_0",21,0.01,"2,201",0.58,0,0,0,0,
"Microsoft.Quantum.Simulation.Core.AdjointedOperation`2[System.ValueTuple`2[System.__Canon,System.ValueTuple`3[System.Int64,System.Int64,System.__Canon]],System.__Canon].get_Body",21,0.01,21,0.01,0,0,0,0,
"Microsoft.Quantum.Simulation.Simulators.QuantumSimulator+QSimX.get_ControlledBody",21,0.01,24,0.01,0,0,0,0,
"Microsoft.Quantum.Simulation.Common.QubitManagerTrackingScope.ReleaseOneQubit",20,0.01,21,0.01,0,0,0,0,
"Microsoft.Quantum.Canon.AssertBoolEqual.<get_Body>b__5_0",19,0.00,"1,891",0.50,0,0,0,0,
"Microsoft.Quantum.Primitive.R1Frac.get_ControlledBody",19,0.00,19,0.00,0,0,0,0,
"Microsoft.Quantum.Simulation.Core.ControlledOperation`2[System.ValueTuple`3[System.Int64,System.Int64,System.__Canon],System.__Canon].get_Body",19,0.00,19,0.00,0,0,0,0,
"Microsoft.Quantum.Simulation.Core.Unitary`1[System.ValueTuple`3[Microsoft.Quantum.Simulation.Core.Pauli,System.Double,System.__Canon]].Microsoft.Quantum.Simulation.Core.IUnitary<I>.get_Controlled",19,0.00,19,0.00,0,0,0,0,
"Microsoft.Quantum.Canon.QFTLE.get_ApplyReversedOpBigEndianCA",18,0.00,58,0.02,0,0,0,0,
"Microsoft.Quantum.Simulation.Core.Unitary`1[System.ValueTuple`3[Microsoft.Quantum.Simulation.Core.Pauli,System.Double,System.__Canon]].Microsoft.Quantum.Simulation.Core.IUnitary<I>.get_Adjoint",18,0.00,18,0.00,0,0,0,0,
"Microsoft.Quantum.Simulation.Core.Unitary`1[System.ValueTuple`4[Microsoft.Quantum.Simulation.Core.Pauli,System.Int64,System.Int64,System.__Canon]].Microsoft.Quantum.Simulation.Core.IUnitary<I>.get_Controlled",18,0.00,18,0.00,0,0,0,0,
"System.ValueTuple`2[System.__Canon,System.ValueTuple`3[System.Int64,System.Int64,System.__Canon]]..ctor",18,0.00,18,0.00,0,0,0,0,
"Microsoft.Quantum.Canon.ModularIncrementPhaseLE.<get_ControlledBody>b__29_0",17,0.00,"64,641",16.93,0,0,0,0,
"Microsoft.Quantum.Primitive.R1Frac.get_ControlledAdjointBody",17,0.00,19,0.00,0,0,0,0,
"Microsoft.Quantum.Primitive.RFrac.<get_Body>b__11_0",17,0.00,"2,482",0.65,0,0,0,0,
"Microsoft.Quantum.Simulation.Common.QubitManager.get_DisableBorrowing",17,0.00,17,0.00,0,0,0,0,
"Microsoft.Quantum.Simulation.Core.Operation`2[System.ValueTuple`2[System.__Canon,System.ValueTuple`4[Microsoft.Quantum.Simulation.Core.Pauli,System.Int64,System.Int64,System.__Canon]],System.__Canon].Microsoft.Quantum.Simulation.Core.ICallable<I,O>.Apply",17,0.00,"75,831",19.86,0,0,0,0,
"Microsoft.Quantum.Simulation.Simulators.QuantumSimulator+QSimH+<>c.<get_Body>b__7_0",17,0.00,"7,615",1.99,0,0,0,0,
"Microsoft.Quantum.Canon.ApplyReversedOpBigEndianCA.get_AsQubitArray",16,0.00,60,0.02,0,0,0,0,
"Microsoft.Quantum.Canon.SwapReverseRegister.get_MicrosoftQuantumPrimitiveSWAP",16,0.00,53,0.01,0,0,0,0,
"Microsoft.Quantum.Simulation.Core.QArray`1[System.__Canon].get_Item",16,0.00,16,0.00,0,0,0,0,
"Microsoft.Quantum.Simulation.Core.Operation`2[System.ValueTuple`4[System.Int64,System.Int64,System.__Canon,System.__Canon],System.__Canon].Partial",15,0.00,179,0.05,0,0,0,0,
"Microsoft.Quantum.Simulation.Core.Unitary`1[System.__Canon].Microsoft.Quantum.Simulation.Core.IUnitary<I>.get_Adjoint",15,0.00,15,0.00,0,0,0,0,
"Microsoft.Quantum.Simulation.Simulators.SimulatorBase.Validate",15,0.00,124,0.03,0,0,0,0,
"Microsoft.Quantum.Simulation.Core.GetQubitsHelper+<>c.<MakeGetQubitsFunctionsDictionary>b__0_3",14,0.00,14,0.00,0,0,0,0,
"Microsoft.Quantum.Simulation.Core.Operation`2[System.__Canon,System.__Canon].Microsoft.Quantum.Simulation.Core.ICallable<I,O>.Apply",14,0.00,14,0.00,0,0,0,0,
"Microsoft.Quantum.Simulation.Core.Operation`2[System.ValueTuple`2[System.__Canon,System.__Canon],System.__Canon].Microsoft.Quantum.Simulation.Core.ICallable<I,O>.Apply",14,0.00,"91,784",24.04,0,0,0,0,
"Microsoft.Quantum.Canon.ExpMod.<get_Body>b__11_0",13,0.00,"1,082",0.28,0,0,0,0,
"Microsoft.Quantum.Canon.ModularIncrementPhaseLE.get_IntegerIncrementPhaseLE",13,0.00,46,0.01,0,0,0,0,
"Microsoft.Quantum.Simulation.Core.GetQubitsHelper+<>c.<MakeGetQubitsFunctionsDictionary>b__0_4",13,0.00,13,0.00,0,0,0,0,
"Microsoft.Quantum.Simulation.Core.Operation`2[System.ValueTuple`2[System.__Canon,System.ValueTuple`2[System.Int64,System.__Canon]],System.__Canon].Microsoft.Quantum.Simulation.Core.ICallable<I,O>.Apply",13,0.00,"27,878",7.30,0,0,0,0,
"Microsoft.Quantum.Canon.ApplyReversedOpBigEndianCA.get_Reverse",12,0.00,25,0.01,0,0,0,0,
"Microsoft.Quantum.Canon.ModularAddProductPhaseLE.<get_ControlledAdjointBody>b__25_0",12,0.00,"65,358",17.12,0,0,0,0,
"Microsoft.Quantum.Canon.WithA`1[System.__Canon].<get_Body>b__5_0",12,0.00,"43,556",11.41,0,0,0,0,
"Microsoft.Quantum.Canon.CopyMostSignificantBitLE.get_Tail",11,0.00,20,0.01,0,0,0,0,
"Microsoft.Quantum.Canon.Reverse`1[System.__Canon].get_Body",11,0.00,11,0.00,0,0,0,0,
"Microsoft.Quantum.Canon.Snd`2[System.Int64,System.Int64].<get_Body>b__5_0",11,0.00,698,0.18,0,0,0,0,
"Microsoft.Quantum.Simulation.Core.PartialApplication`3[System.__Canon,System.ValueTuple`2[System.__Canon,System.__Canon],System.__Canon].GetQubits",11,0.00,11,0.00,0,0,0,0,
"Microsoft.Quantum.Simulation.Core.AdjointedOperation`2[System.ValueTuple`4[Microsoft.Quantum.Simulation.Core.Pauli,System.Int64,System.Int64,System.__Canon],System.__Canon].get_ControlledBody",10,0.00,10,0.00,0,0,0,0,
"Microsoft.Quantum.Simulation.Core.ControlledOperation`2[System.__Canon,System.__Canon].get_Body",10,0.00,10,0.00,0,0,0,0,
"Microsoft.Quantum.Simulation.Core.Operation`2[System.ValueTuple`3[System.__Canon,System.__Canon,System.__Canon],System.__Canon].Microsoft.Quantum.Simulation.Core.ICallable.Apply",10,0.00,"87,421",22.90,0,0,0,0,
"Microsoft.Quantum.Simulation.Core.QArray`1[System.__Canon]..ctor",10,0.00,10,0.00,0,0,0,0,
"Microsoft.Quantum.Simulation.Core.Unitary`1[System.ValueTuple`2[System.__Canon,System.ValueTuple`3[System.Int64,System.Int64,System.__Canon]]].Microsoft.Quantum.Simulation.Core.IUnitary<I>.get_Adjoint",10,0.00,10,0.00,0,0,0,0,
"Microsoft.Quantum.Canon.ApplyLEOperationOnPhaseLEA.get_QFTLE",9,0.00,34,0.01,0,0,0,0,
"Microsoft.Quantum.Canon.ApplyLEOperationOnPhaseLEA.get_WithA",9,0.00,19,0.00,0,0,0,0,
"Microsoft.Quantum.Simulation.Common.QubitManagerTrackingScope.AllocateOneQubit",9,0.00,11,0.00,0,0,0,0,
"Microsoft.Quantum.Simulation.Core.AdjointedOperation`2[System.ValueTuple`3[Microsoft.Quantum.Simulation.Core.Pauli,System.Double,System.__Canon],System.__Canon].get_ControlledBody",9,0.00,9,0.00,0,0,0,0,
"Microsoft.Quantum.Simulation.Core.Operation`2[System.ValueTuple`2[System.Int64,System.__Canon],System.__Canon].Apply",9,0.00,"87,610",22.95,0,0,0,0,
"Microsoft.Quantum.Simulation.Core.PartialApplication`3[System.__Canon,System.ValueTuple`2[System.__Canon,System.__Canon],System.__Canon].get_Body",9,0.00,9,0.00,0,0,0,0,
"Microsoft.Quantum.Canon.ApproximateQFT.get_SwapReverseRegister",8,0.00,41,0.01,0,0,0,0,
"Microsoft.Quantum.Canon.AsQubitArray.<get_Body>b__5_0",8,0.00,218,0.06,0,0,0,0,
"Microsoft.Quantum.Canon.BoolArrFromPositiveInt.<get_Body>b__7_0",8,0.00,263,0.07,0,0,0,0,
"Microsoft.Quantum.Canon.CopyMostSignificantBitLE.get_Body",8,0.00,8,0.00,0,0,0,0,
"Microsoft.Quantum.Canon.ExtendedGCD.get_Fst",8,0.00,19,0.00,0,0,0,0,
"Microsoft.Quantum.Canon.QFTLE.get_Body",8,0.00,8,0.00,0,0,0,0,
"Microsoft.Quantum.Canon.SwapReverseRegister.get_Body",8,0.00,8,0.00,0,0,0,0,
"Microsoft.Quantum.Extensions.Math.Native+PI+<>c.<get_Body>b__2_0",8,0.00,8,0.00,0,0,0,0,
"Microsoft.Quantum.Simulation.Core.Operation`2[System.ValueTuple`3[System.__Canon,System.__Canon,System.__Canon],System.__Canon]..ctor",8,0.00,8,0.00,0,0,0,0,
"Microsoft.Quantum.Simulation.Core.PartialMapper.Combine",8,0.00,8,0.00,0,0,0,0,
"dynamicClass.IL_STUB_PInvoke",7,0.00,"1,142",0.30,0,0,0,0,
"Microsoft.Quantum.Canon.AsQubitArray.get_Body",7,0.00,7,0.00,0,0,0,0,
"Microsoft.Quantum.Canon.CopyMostSignificantBitLE.get_AsQubitArray",7,0.00,32,0.01,0,0,0,0,
"Microsoft.Quantum.Canon.ExtendedGCD.get_Snd",7,0.00,36,0.01,0,0,0,0,
"Microsoft.Quantum.Canon.ModularAddProductPhaseLE.get_ExpMod",7,0.00,19,0.00,0,0,0,0,
"Microsoft.Quantum.Canon.QFTLE.<get_Body>b__9_0",7,0.00,"42,556",11.15,0,0,0,0,
"Microsoft.Quantum.Primitive.CNOT.<get_ControlledBody>b__11_0",7,0.00,724,0.19,0,0,0,0,
"Microsoft.Quantum.Primitive.RFrac.get_Body",7,0.00,7,0.00,0,0,0,0,
"Microsoft.Quantum.Simulation.Core.ControlledOperation`2[System.ValueTuple`2[System.Int64,System.__Canon],System.__Canon].get_Body",7,0.00,7,0.00,0,0,0,0,
"Microsoft.Quantum.Simulation.Core.GenericOperation..ctor",7,0.00,7,0.00,0,0,0,0,
"Microsoft.Quantum.Simulation.Core.Operation`2[System.__Canon,System.__Canon].<.ctor>b__2_0",7,0.00,14,0.00,0,0,0,0,
"Microsoft.Quantum.Simulation.Core.Operation`2[System.ValueTuple`3[System.Boolean,System.Boolean,System.__Canon],System.__Canon].Apply",7,0.00,"1,919",0.50,0,0,0,0,
"Microsoft.Quantum.Simulation.Core.Operation`2[System.ValueTuple`3[System.Boolean,System.Boolean,System.__Canon],System.__Canon].Microsoft.Quantum.Simulation.Core.ICallable<I,O>.Apply",7,0.00,"1,926",0.50,0,0,0,0,
"Microsoft.Quantum.Simulation.Core.PartialApplication`3[System.__Canon,System.ValueTuple`2[System.__Canon,System.__Canon],System.__Canon].get_AdjointBody",7,0.00,7,0.00,0,0,0,0,
"Microsoft.Quantum.Simulation.Core.PartialCapturedQubits`2[System.__Canon,System.ValueTuple`2[System.__Canon,System.__Canon]]..ctor",7,0.00,7,0.00,0,0,0,0,
"Microsoft.Quantum.Simulation.Core.Range+<GetEnumerator>d__12.System.Collections.Generic.IEnumerator<System.Int64>.get_Current",7,0.00,7,0.00,0,0,0,0,
"[hostpolicy.dll]",6,0.00,133,0.03,0,0,0,0,
"Microsoft.Quantum.Canon.ModularMultiplyByConstantLE.<get_ControlledBody>b__23_0",6,0.00,"1,46,487",38.37,0,0,0,0,
"Microsoft.Quantum.Canon.QFT.<get_Body>b__7_0",6,0.00,"40,837",10.70,0,0,0,0,
"Microsoft.Quantum.Canon.Tail`1[System.__Canon].get_Body",6,0.00,6,0.00,0,0,0,0,
"Microsoft.Quantum.Extensions.Convert.Native+ToDouble+<>c.<get_Body>b__2_0",6,0.00,6,0.00,0,0,0,0,
"Microsoft.Quantum.Primitive.SWAP.get_Body",6,0.00,7,0.00,0,0,0,0,
"Microsoft.Quantum.Simulation.Core.AdjointedOperation`2[System.__Canon,System.__Canon].get_AdjointBody",6,0.00,6,0.00,0,0,0,0,
"Microsoft.Quantum.Simulation.Core.Operation`2[System.ValueTuple`4[Microsoft.Quantum.Simulation.Core.Pauli,System.Int64,System.Int64,System.__Canon],System.__Canon].Apply",6,0.00,"4,702",1.23,0,0,0,0,
"Microsoft.Quantum.Simulation.Core.PartialMapper+<>c.<GetTupleValues>b__5_0",6,0.00,6,0.00,0,0,0,0,
"Microsoft.Quantum.Simulation.Simulators.QuantumSimulator+QSimR.get_Body",6,0.00,6,0.00,0,0,0,0,
"Microsoft.Quantum.Simulation.Simulators.QuantumSimulator+QSimR+<>c.<get_Body>b__7_0",6,0.00,"3,354",0.88,0,0,0,0,
"[kernel32.dll]",5,0.00,"3,80,234",99.60,0,0,0,0,
"Microsoft.Quantum.Canon.ApplyLEOperationOnPhaseLEA.<get_AdjointBody>b__11_0",5,0.00,"45,393",11.89,0,0,0,0,
"Microsoft.Quantum.Canon.ApproximateQFT.get_Body",5,0.00,5,0.00,0,0,0,0,
"Microsoft.Quantum.Canon.ExpMod.get_AssertBoolEqual",5,0.00,26,0.01,0,0,0,0,
"Microsoft.Quantum.Canon.Fst`2[System.Int64,System.Int64].get_Body",5,0.00,5,0.00,0,0,0,0,
"Microsoft.Quantum.Canon.IntegerIncrementPhaseLE.get_ControlledBody",5,0.00,5,0.00,0,0,0,0,
"Microsoft.Quantum.Canon.ModularAddProductPhaseLE.<get_ControlledBody>b__23_0",5,0.00,"65,247",17.09,0,0,0,0,
"Microsoft.Quantum.Canon.ModularIncrementPhaseLE.get__EnableExtraAssertsForArithmetic",5,0.00,15,0.00,0,0,0,0,
"Microsoft.Quantum.Canon.ModularIncrementPhaseLE.get_ApplyLEOperationOnPhaseLEA",5,0.00,16,0.00,0,0,0,0,
"Microsoft.Quantum.Canon.QFT.<get_AdjointBody>b__9_0",5,0.00,"41,530",10.88,0,0,0,0,
"Microsoft.Quantum.Canon.QFT.get_ApproximateQFT",5,0.00,36,0.01,0,0,0,0,
"Microsoft.Quantum.Canon.Snd`2[System.Int64,System.Int64].get_Body",5,0.00,5,0.00,0,0,0,0,
"Microsoft.Quantum.Canon.Tail`1[System.__Canon].get_AssertBoolEqual",5,0.00,19,0.00,0,0,0,0,
"Microsoft.Quantum.Simulation.Core.AdjointedOperation`2[System.ValueTuple`2[System.Int64,System.__Canon],System.__Canon].get_Body",5,0.00,5,0.00,0,0,0,0,
"Microsoft.Quantum.Simulation.Core.GenericOperation.Microsoft.Quantum.Simulation.Core.ICallable.Apply",5,0.00,5,0.00,0,0,0,0,
"Microsoft.Quantum.Simulation.Core.Operation`2[System.ValueTuple`2[System.Int64,System.__Canon],System.__Canon].Microsoft.Quantum.Simulation.Core.ICallable<I,O>.Apply",5,0.00,"87,615",22.95,0,0,0,0,
"Microsoft.Quantum.Simulation.Core.Operation`2[System.ValueTuple`3[Microsoft.Quantum.Simulation.Core.Pauli,System.Double,System.__Canon],System.__Canon].Microsoft.Quantum.Simulation.Core.ICallable<I,O>.Apply",5,0.00,"3,379",0.89,0,0,0,0,
"Microsoft.Quantum.Simulation.Core.Operation`2[System.ValueTuple`3[System.Int64,System.Int64,System.Int64],System.Int64].Microsoft.Quantum.Simulation.Core.ICallable.Apply",5,0.00,"1,094",0.29,0,0,0,0,
"Microsoft.Quantum.Simulation.Core.PartialMapper+<>c.<CastTuple>b__1_0",5,0.00,5,0.00,0,0,0,0,
"Microsoft.Quantum.Simulation.Core.Range..ctor",5,0.00,5,0.00,0,0,0,0,
"Microsoft.Quantum.Simulation.Simulators.Extensions+<>c.<GetIds>b__0_0",5,0.00,5,0.00,0,0,0,0,
"Microsoft.Quantum.Simulation.Simulators.QuantumSimulator+QSimX+<>c.<get_Body>b__7_0",5,0.00,"1,729",0.45,0,0,0,0,
"Microsoft.Quantum.Canon.ApplyReversedOpBigEndianCA.get_Body",4,0.00,4,0.00,0,0,0,0,
"Microsoft.Quantum.Canon.CopyMostSignificantBitLE.get_AdjointBody",4,0.00,4,0.00,0,0,0,0,
"Microsoft.Quantum.Canon.ExpMod.get_BitSize",4,0.00,14,0.00,0,0,0,0,
"Microsoft.Quantum.Canon.IntegerIncrementPhaseLE.<get_AdjointBody>b__9_0",4,0.00,"2,529",0.66,0,0,0,0,
"Microsoft.Quantum.Canon.IntegerIncrementPhaseLE.<get_Body>b__7_0",4,0.00,"2,832",0.74,0,0,0,0,
"Microsoft.Quantum.Canon.QFTLE.<get_AdjointBody>b__11_0",4,0.00,"43,034",11.27,0,0,0,0,
"Microsoft.Quantum.Canon.QFTLE.get_QFT",4,0.00,28,0.01,0,0,0,0,
"Microsoft.Quantum.Canon.WithA`1[System.__Canon].get_AdjointBody",4,0.00,4,0.00,0,0,0,0,
"Microsoft.Quantum.Primitive.R1Frac.<get_Body>b__7_0",4,0.00,"2,755",0.72,0,0,0,0,
"Microsoft.Quantum.Simulation.Core.AbstractOperation.GetQubits",4,0.00,4,0.00,0,0,0,0,
"Microsoft.Quantum.Simulation.Core.AdjointedOperation`2[System.__Canon,System.__Canon].GetQubits",4,0.00,4,0.00,0,0,0,0,
"Microsoft.Quantum.Simulation.Core.AdjointedOperation`2[System.ValueTuple`2[System.__Canon,System.ValueTuple`2[System.Int64,System.__Canon]],System.__Canon].get_Body",4,0.00,4,0.00,0,0,0,0,
"Microsoft.Quantum.Simulation.Core.Operation`2[System.__Canon,Microsoft.Quantum.Simulation.Core.Result].Microsoft.Quantum.Simulation.Core.ICallable.Apply",4,0.00,41,0.01,0,0,0,0,
"Microsoft.Quantum.Simulation.Core.Operation`2[System.__Canon,System.__Canon].Microsoft.Quantum.Simulation.Core.ICallable.Apply",4,0.00,"1,00,586",26.35,0,0,0,0,
"Microsoft.Quantum.Simulation.Core.Operation`2[System.ValueTuple`3[Microsoft.Quantum.Simulation.Core.Pauli,System.Double,System.__Canon],System.__Canon].Apply",4,0.00,"3,374",0.88,0,0,0,0,
"Microsoft.Quantum.Simulation.Core.Operation`2[System.ValueTuple`3[System.Int64,System.Int64,System.__Canon],System.__Canon].Microsoft.Quantum.Simulation.Core.ICallable<I,O>.Apply",4,0.00,"5,228",1.37,0,0,0,0,
"Microsoft.Quantum.Simulation.Core.Operation`2+<>c[System.ValueTuple`2[System.__Canon,System.__Canon],System.__Canon].<FindPartialType>b__21_0",4,0.00,4,0.00,0,0,0,0,
"Microsoft.Quantum.Simulation.Core.PartialApplication`3[System.__Canon,System.ValueTuple`2[System.__Canon,System.__Canon],System.__Canon]..ctor",4,0.00,31,0.01,0,0,0,0,
"Microsoft.Quantum.Simulation.Core.PartialApplication`3[System.__Canon,System.ValueTuple`2[System.__Canon,System.__Canon],System.__Canon].<get_Body>b__12_0",4,0.00,"45,777",11.99,0,0,0,0,
"Microsoft.Quantum.Simulation.Core.PartialMapper.Create",4,0.00,4,0.00,0,0,0,0,
"Microsoft.Quantum.Simulation.Core.PartialMapper+<Combine>d__7.System.Collections.Generic.IEnumerable<System.Object>.GetEnumerator",4,0.00,4,0.00,0,0,0,0,
"Microsoft.Quantum.Simulation.Core.Range+<GetEnumerator>d__12.System.IDisposable.Dispose",4,0.00,4,0.00,0,0,0,0,
"Microsoft.Quantum.Simulation.Core.TypeExtensions+<>c.<Normalize>b__10_0",4,0.00,4,0.00,0,0,0,0,
"Microsoft.Quantum.Simulation.Core.Unitary`1[System.__Canon].Microsoft.Quantum.Simulation.Core.IAdjointable.get_Adjoint",4,0.00,4,0.00,0,0,0,0,
"Microsoft.Quantum.Simulation.Core.Unitary`1[System.ValueTuple`2[System.__Canon,System.__Canon]].Microsoft.Quantum.Simulation.Core.IUnitary<I>.get_Adjoint",4,0.00,4,0.00,0,0,0,0,
"Microsoft.Quantum.Simulation.Simulators.QuantumSimulator+QSimR.<get_AdjointBody>b__9_0",4,0.00,"1,505",0.39,0,0,0,0,
"Microsoft.Quantum.Simulation.Simulators.QuantumSimulator+QSimX+<>c__DisplayClass9_0.<get_ControlledBody>b__2",4,0.00,4,0.00,0,0,0,0,
"[ntdll.dll]",3,0.00,"3,80,240",99.60,0,0,0,0,
"Microsoft.Quantum.Canon.ApplyLEOperationOnPhaseLEA.get_Body",3,0.00,3,0.00,0,0,0,0,
"Microsoft.Quantum.Canon.ApplyPhaseLEOperationOnLECA.<get_ControlledAdjointBody>b__13_0",3,0.00,"70,148",18.38,0,0,0,0,
"Microsoft.Quantum.Canon.ApplyPhaseLEOperationOnLECA.<get_ControlledBody>b__11_0",3,0.00,"70,143",18.37,0,0,0,0,
"Microsoft.Quantum.Canon.ApproximateQFT.get_AdjointBody",3,0.00,3,0.00,0,0,0,0,
"Microsoft.Quantum.Canon.BitSize.<get_Body>b__7_0",3,0.00,104,0.03,0,0,0,0,
"Microsoft.Quantum.Canon.BoolArrFromPositiveInt.get_Body",3,0.00,3,0.00,0,0,0,0,
"Microsoft.Quantum.Canon.CopyMostSignificantBitLE.get_MicrosoftQuantumPrimitiveCNOT",3,0.00,14,0.00,0,0,0,0,
"Microsoft.Quantum.Canon.ExpMod.get_Body",3,0.00,3,0.00,0,0,0,0,
"Microsoft.Quantum.Canon.Fst`2[System.Int64,System.Int64].<get_Body>b__5_0",3,0.00,379,0.10,0,0,0,0,
"Microsoft.Quantum.Canon.IntegerIncrementPhaseLE.get_ControlledAdjointBody",3,0.00,3,0.00,0,0,0,0,
"Microsoft.Quantum.Canon.IsCoprime.get_ExtendedGCD",3,0.00,4,0.00,0,0,0,0,
"Microsoft.Quantum.Canon.ModularAddProductPhaseLE.get_ModularIncrementPhaseLE",3,0.00,9,0.00,0,0,0,0,
"Microsoft.Quantum.Canon.ModularIncrementPhaseLE.get_Release",3,0.00,17,0.00,0,0,0,0,
"Microsoft.Quantum.Canon.QFTLE.get_AdjointBody",3,0.00,3,0.00,0,0,0,0,
"Microsoft.Quantum.Canon.RobustPhaseEstimation.<get_Body>b__25_0",3,0.00,"1,49,767",39.23,0,0,0,0,
"Microsoft.Quantum.Canon.Tail`1[System.__Canon].<get_Body>b__7_0",3,0.00,432,0.11,0,0,0,0,
"Microsoft.Quantum.Primitive.R1Frac.<get_AdjointBody>b__9_0",3,0.00,"2,461",0.64,0,0,0,0,
"Microsoft.Quantum.Primitive.RFrac.get_AdjointBody",3,0.00,3,0.00,0,0,0,0,
"Microsoft.Quantum.Samples.IntegerFactorization.EstimatePeriod.<get_Body>b__43_0",3,0.00,"1,49,829",39.25,0,0,0,0,
"Microsoft.Quantum.Simulation.Common.QubitManager.Release",3,0.00,"1,134",0.30,0,0,0,0,
"Microsoft.Quantum.Simulation.Core.AdjointedOperation`2[System.ValueTuple`3[System.Int64,System.Int64,System.__Canon],System.__Canon].get_ControlledBody",3,0.00,3,0.00,0,0,0,0,
"Microsoft.Quantum.Simulation.Core.ControlledOperation`2[System.ValueTuple`2[System.Int64,System.__Canon],System.__Canon].get_AdjointBody",3,0.00,3,0.00,0,0,0,0,
"Microsoft.Quantum.Simulation.Core.Operation`2[System.Int64,System.Int64].Microsoft.Quantum.Simulation.Core.ICallable.Apply",3,0.00,126,0.03,0,0,0,0,
"Microsoft.Quantum.Simulation.Core.Operation`2[System.ValueTuple`2[System.__Canon,System.ValueTuple`2[System.__Canon,System.ValueTuple`3[System.Int64,System.Int64,System.__Canon]]],System.__Canon].Microsoft.Quantum.Simulation.Core.ICallable<I,O>.Apply",3,0.00,"1,29,413",33.90,0,0,0,0,
"Microsoft.Quantum.Simulation.Core.Operation`2[System.ValueTuple`2[System.Int64,System.Int64],System.__Canon].Microsoft.Quantum.Simulation.Core.ICallable.Apply",3,0.00,273,0.07,0,0,0,0,
"Microsoft.Quantum.Simulation.Core.Operation`2[System.ValueTuple`2[System.Int64,System.Int64],System.Int64].Microsoft.Quantum.Simulation.Core.ICallable.Apply",3,0.00,"2,684",0.70,0,0,0,0,
"Microsoft.Quantum.Simulation.Core.Operation`2[System.ValueTuple`2[System.Int64,System.Int64],System.ValueTuple`2[System.Int64,System.Int64]].Microsoft.Quantum.Simulation.Core.ICallable.Apply",3,0.00,"6,011",1.57,0,0,0,0,
"Microsoft.Quantum.Simulation.Core.Operation`2[System.ValueTuple`3[System.Int64,System.Int64,System.__Canon],System.__Canon].Apply",3,0.00,"5,224",1.37,0,0,0,0,
"Microsoft.Quantum.Simulation.Core.Operation`2[System.ValueTuple`4[Microsoft.Quantum.Simulation.Core.Pauli,System.Int64,System.Int64,System.__Canon],System.__Canon].Microsoft.Quantum.Simulation.Core.ICallable<I,O>.Apply",3,0.00,"4,706",1.23,0,0,0,0,
"Microsoft.Quantum.Simulation.Core.PartialApplication`3[System.__Canon,System.ValueTuple`2[System.__Canon,System.__Canon],System.__Canon].<get_AdjointBody>b__14_0",3,0.00,"46,105",12.08,0,0,0,0,
"Microsoft.Quantum.Simulation.Core.QArray`1[System.Boolean]..ctor",3,0.00,3,0.00,0,0,0,0,
"Microsoft.Quantum.Simulation.Core.Unitary`1[System.__Canon].Microsoft.Quantum.Simulation.Core.IUnitary<I>.get_Controlled",3,0.00,3,0.00,0,0,0,0,
"Microsoft.Quantum.Simulation.Core.Unitary`1[System.ValueTuple`2[System.Int64,System.__Canon]].Microsoft.Quantum.Simulation.Core.IUnitary<I>.get_Adjoint",3,0.00,3,0.00,0,0,0,0,
"Microsoft.Quantum.Simulation.Core.Unitary`1[System.ValueTuple`2[System.Int64,System.__Canon]].Microsoft.Quantum.Simulation.Core.IUnitary<I>.get_Controlled",3,0.00,3,0.00,0,0,0,0,
"Microsoft.Quantum.Simulation.Simulators.QuantumSimulator+QSimR.get_AdjointBody",3,0.00,3,0.00,0,0,0,0,
"Microsoft.Quantum.Simulation.Simulators.SimulatorBase+Allocate.Apply",3,0.00,3,0.00,0,0,0,0,
"System.ValueTuple`3[System.Boolean,System.Boolean,System.__Canon]..ctor",3,0.00,3,0.00,0,0,0,0,
"[combase.dll]",2,0.00,6,0.00,0,0,0,0,
"[coreclr.dll]",2,0.00,"1,50,129",39.33,0,0,0,0,
"[hostfxr.dll]",2,0.00,138,0.04,0,0,0,0,
"Microsoft.Quantum.Canon._EnableExtraAssertsForArithmetic.get_Body",2,0.00,2,0.00,0,0,0,0,
"Microsoft.Quantum.Canon.ApplyLEOperationOnPhaseLEA.<get_Body>b__9_0",2,0.00,"44,942",11.77,0,0,0,0,
"Microsoft.Quantum.Canon.ApplyLEOperationOnPhaseLEA.get_AdjointBody",2,0.00,2,0.00,0,0,0,0,
"Microsoft.Quantum.Canon.ApplyPhaseLEOperationOnLECA.get_QFTLE",2,0.00,9,0.00,0,0,0,0,
"Microsoft.Quantum.Canon.BitSize.get_AssertBoolEqual",2,0.00,6,0.00,0,0,0,0,
"Microsoft.Quantum.Canon.BitSize.get_Body",2,0.00,2,0.00,0,0,0,0,
"Microsoft.Quantum.Canon.DiscretePhaseEstimationIteration.<get_Body>b__11_0",2,0.00,"1,49,668",39.21,0,0,0,0,
"Microsoft.Quantum.Canon.DiscretePhaseEstimationIteration.get_Body",2,0.00,2,0.00,0,0,0,0,
"Microsoft.Quantum.Canon.ExtendedGCD.get_Body",2,0.00,2,0.00,0,0,0,0,
"Microsoft.Quantum.Canon.ExtendedGCD.get_MicrosoftQuantumExtensionsMathSignI",2,0.00,10,0.00,0,0,0,0,
"Microsoft.Quantum.Canon.IntegerIncrementPhaseLE.get_Body",2,0.00,2,0.00,0,0,0,0,
"Microsoft.Quantum.Canon.InverseMod.get_Body",2,0.00,2,0.00,0,0,0,0,
"Microsoft.Quantum.Canon.InverseMod.get_ExtendedGCD",2,0.00,2,0.00,0,0,0,0,
"Microsoft.Quantum.Canon.ModularAddProductLE.get_ApplyPhaseLEOperationOnLECA",2,0.00,4,0.00,0,0,0,0,
"Microsoft.Quantum.Canon.ModularAddProductPhaseLE.get__EnableExtraAssertsForArithmetic",2,0.00,2,0.00,0,0,0,0,
"Microsoft.Quantum.Canon.ModularIncrementPhaseLE.get_AssertBoolEqual",2,0.00,6,0.00,0,0,0,0,
"Microsoft.Quantum.Canon.ModularIncrementPhaseLE.get_ControlledAdjointBody",2,0.00,2,0.00,0,0,0,0,
"Microsoft.Quantum.Canon.ModularIncrementPhaseLE.get_MicrosoftQuantumPrimitiveX",2,0.00,7,0.00,0,0,0,0,
"Microsoft.Quantum.Canon.QFT.get_AdjointBody",2,0.00,2,0.00,0,0,0,0,
"Microsoft.Quantum.Canon.QFT.get_Body",2,0.00,2,0.00,0,0,0,0,
"Microsoft.Quantum.Canon.SwapReverseRegister.get_AdjointBody",2,0.00,4,0.00,0,0,0,0,
"Microsoft.Quantum.Primitive.Reset.get_X",2,0.00,2,0.00,0,0,0,0,
"Microsoft.Quantum.Samples.IntegerFactorization.OrderFindingOracle.<get_ControlledBody>b__17_0",2,0.00,"1,49,311",39.11,0,0,0,0,
"Microsoft.Quantum.Simulation.Common.QubitManager.Allocate",2,0.00,715,0.19,0,0,0,0,
"Microsoft.Quantum.Simulation.Core.AdjointedOperation`2[System.__Canon,System.__Canon]..ctor",2,0.00,6,0.00,0,0,0,0,
"Microsoft.Quantum.Simulation.Core.AdjointedOperation`2[System.ValueTuple`2[System.__Canon,System.__Canon],System.__Canon].get_Body",2,0.00,2,0.00,0,0,0,0,
"Microsoft.Quantum.Simulation.Core.AdjointedOperation`2[System.ValueTuple`3[Microsoft.Quantum.Simulation.Core.Pauli,System.Double,System.__Canon],System.__Canon].get_Body",2,0.00,2,0.00,0,0,0,0,
"Microsoft.Quantum.Simulation.Core.AdjointedOperation`2[System.ValueTuple`3[System.__Canon,System.__Canon,System.__Canon],System.__Canon].get_Body",2,0.00,2,0.00,0,0,0,0,
"Microsoft.Quantum.Simulation.Core.ControlledOperation`2[System.ValueTuple`2[System.__Canon,System.__Canon],System.__Canon].get_Body",2,0.00,2,0.00,0,0,0,0,
"Microsoft.Quantum.Simulation.Core.ControlledOperation`2[System.ValueTuple`3[System.Int64,System.Int64,System.__Canon],System.__Canon].<get_ControlledAdjointBody>b__13_0",2,0.00,"64,747",16.96,0,0,0,0,
"Microsoft.Quantum.Simulation.Core.ControlledOperation`2[System.ValueTuple`3[System.Int64,System.Int64,System.__Canon],System.__Canon].get_ControlledBody",2,0.00,2,0.00,0,0,0,0,
"Microsoft.Quantum.Simulation.Core.Operation`2[System.__Canon,System.Boolean].Microsoft.Quantum.Simulation.Core.ICallable.Apply",2,0.00,27,0.01,0,0,0,0,
"Microsoft.Quantum.Simulation.Core.Operation`2[System.ValueTuple`2[System.__Canon,System.ValueTuple`2[System.__Canon,System.__Canon]],System.__Canon].Apply",2,0.00,"1,41,173",36.98,0,0,0,0,
"Microsoft.Quantum.Simulation.Core.Operation`2[System.ValueTuple`2[System.__Canon,System.ValueTuple`2[System.__Canon,System.ValueTuple`3[System.Int64,System.Int64,System.__Canon]]],System.__Canon].Apply",2,0.00,"1,29,410",33.90,0,0,0,0,
"Microsoft.Quantum.Simulation.Core.Operation`2[System.ValueTuple`2[System.__Canon,System.ValueTuple`3[System.Int64,System.Int64,System.__Canon]],System.__Canon]..ctor",2,0.00,2,0.00,0,0,0,0,
"Microsoft.Quantum.Simulation.Core.Operation`2[System.ValueTuple`2[System.Int64,System.Int64],System.__Canon].Apply",2,0.00,268,0.07,0,0,0,0,
"Microsoft.Quantum.Simulation.Core.PartialApplication`3[System.__Canon,System.ValueTuple`4[System.Int64,System.Int64,System.__Canon,System.__Canon],System.__Canon].<get_ControlledBody>b__16_0",2,0.00,"65,308",17.11,0,0,0,0,
"Microsoft.Quantum.Simulation.Core.QArray`1[System.__Canon]..ctor",2,0.00,2,0.00,0,0,0,0,
"Microsoft.Quantum.Simulation.Core.Unitary`1[System.__Canon].Microsoft.Quantum.Simulation.Core.IUnitary.get_Adjoint",2,0.00,2,0.00,0,0,0,0,
"Microsoft.Quantum.Simulation.Core.Unitary`1[System.ValueTuple`2[System.__Canon,System.ValueTuple`3[System.Int64,System.Int64,System.__Canon]]].Microsoft.Quantum.Simulation.Core.IUnitary<I>.get_Controlled",2,0.00,2,0.00,0,0,0,0,
"Microsoft.Quantum.Simulation.Core.Unitary`1[System.ValueTuple`4[System.Int64,System.Int64,System.__Canon,System.__Canon]].Microsoft.Quantum.Simulation.Core.IUnitary<I>.get_Controlled",2,0.00,2,0.00,0,0,0,0,
"Microsoft.Quantum.Simulation.Simulators.QuantumSimulator+QSimX.get_Body",2,0.00,2,0.00,0,0,0,0,
"Microsoft.Quantum.Simulation.Simulators.QuantumSimulator+QubitManagerBase.AllocateOneQubit",2,0.00,711,0.19,0,0,0,0,
"System.ValueTuple`2[System.__Canon,System.ValueTuple`2[System.Int64,System.__Canon]]..ctor",2,0.00,2,0.00,0,0,0,0,
"System.ValueTuple`2[System.Int64,System.__Canon]..ctor",2,0.00,2,0.00,0,0,0,0,
"System.ValueTuple`4[System.Int64,System.Int64,System.__Canon,System.__Canon]..ctor",2,0.00,2,0.00,0,0,0,0,
"[advapi32.dll]",1,0.00,1,0.00,0,0,0,0,
"[bcrypt.dll]",1,0.00,1,0.00,0,0,0,0,
"[bcryptprimitives.dll]",1,0.00,1,0.00,0,0,0,0,
"[clbcatq.dll]",1,0.00,1,0.00,0,0,0,0,
"[msvcrt.dll]",1,0.00,1,0.00,0,0,0,0,
"[rpcrt4.dll]",1,0.00,1,0.00,0,0,0,0,
"[user32.dll]",1,0.00,2,0.00,0,0,0,0,
"[win32u.dll]",1,0.00,1,0.00,0,0,0,0,
"Microsoft.Quantum.Canon._EnableExtraAssertsForArithmetic.<get_Body>b__5_0",1,0.00,22,0.01,0,0,0,0,
"Microsoft.Quantum.Canon.ApplyReversedOpBigEndianCA.get_AdjointBody",1,0.00,1,0.00,0,0,0,0,
"Microsoft.Quantum.Canon.AssertHighestBit..ctor",1,0.00,2,0.00,0,0,0,0,
"Microsoft.Quantum.Canon.ContinuedFractionConvergent.<get_Body>b__15_0",1,0.00,5,0.00,0,0,0,0,
"Microsoft.Quantum.Canon.DiscretePhaseEstimationIteration.get_MicrosoftQuantumPrimitiveH",1,0.00,3,0.00,0,0,0,0,
"Microsoft.Quantum.Canon.InPlaceXorLE.get_MicrosoftQuantumPrimitiveX",1,0.00,1,0.00,0,0,0,0,
"Microsoft.Quantum.Canon.InverseMod.get_AssertBoolEqual",1,0.00,2,0.00,0,0,0,0,
"Microsoft.Quantum.Canon.IsCoprime..ctor",1,0.00,1,0.00,0,0,0,0,
"Microsoft.Quantum.Canon.Lg.<get_Body>b__9_0",1,0.00,2,0.00,0,0,0,0,
"Microsoft.Quantum.Canon.ModularAddProductLE.get_ControlledAdjointBody",1,0.00,1,0.00,0,0,0,0,
"Microsoft.Quantum.Canon.ModularAddProductLE.get_ModularAddProductPhaseLE",1,0.00,6,0.00,0,0,0,0,
"Microsoft.Quantum.Canon.ModularAddProductPhaseLE.get_AssertBoolEqual",1,0.00,6,0.00,0,0,0,0,
"Microsoft.Quantum.Canon.ModularAddProductPhaseLE.get_ControlledBody",1,0.00,1,0.00,0,0,0,0,
"Microsoft.Quantum.Canon.ModularIncrementPhaseLE.get_Allocate",1,0.00,6,0.00,0,0,0,0,
"Microsoft.Quantum.Canon.ModularIncrementPhaseLE.get_ControlledBody",1,0.00,1,0.00,0,0,0,0,
"Microsoft.Quantum.Canon.ModularIncrementPhaseLE.get_CopyMostSignificantBitLE",1,0.00,10,0.00,0,0,0,0,
"Microsoft.Quantum.Canon.ModularMultiplyByConstantLE.get_IsCoprime",1,0.00,2,0.00,0,0,0,0,
"Microsoft.Quantum.Canon.ModularMultiplyByConstantLE.get_MicrosoftQuantumPrimitiveSWAP",1,0.00,5,0.00,0,0,0,0,
"Microsoft.Quantum.Canon.ModularMultiplyByConstantLE.get_ModularAddProductLE",1,0.00,3,0.00,0,0,0,0,
"Microsoft.Quantum.Canon.MResetZ..ctor",1,0.00,3,0.00,0,0,0,0,
"Microsoft.Quantum.Canon.RobustPhaseEstimation.get_M",1,0.00,2,0.00,0,0,0,0,
"Microsoft.Quantum.Canon.RobustPhaseEstimation.get_MicrosoftQuantumExtensionsConvertToDouble",1,0.00,2,0.00,0,0,0,0,
"Microsoft.Quantum.Canon.RobustPhaseEstimation.get_MicrosoftQuantumExtensionsMathPI",1,0.00,3,0.00,0,0,0,0,
"Microsoft.Quantum.Extensions.Math.Native+MaxI.get_Body",1,0.00,1,0.00,0,0,0,0,
"Microsoft.Quantum.Extensions.Math.Native+SignI.get_Body",1,0.00,1,0.00,0,0,0,0,
"Microsoft.Quantum.Extensions.Math.Native+Sin+<>c..cctor",1,0.00,1,0.00,0,0,0,0,
"Microsoft.Quantum.Primitive.H.get_AdjointBody",1,0.00,1,0.00,0,0,0,0,
"Microsoft.Quantum.Primitive.R1Frac.get_Body",1,0.00,1,0.00,0,0,0,0,
"Microsoft.Quantum.Primitive.Reset.<get_Body>b__9_0",1,0.00,23,0.01,0,0,0,0,
"Microsoft.Quantum.Primitive.Reset.get_Body",1,0.00,1,0.00,0,0,0,0,
"Microsoft.Quantum.Primitive.Rz..ctor",1,0.00,2,0.00,0,0,0,0,
"Microsoft.Quantum.Primitive.Rz.get_Body",1,0.00,1,0.00,0,0,0,0,
"Microsoft.Quantum.Primitive.Rz.get_R",1,0.00,1,0.00,0,0,0,0,
"Microsoft.Quantum.Primitive.SWAP.<get_ControlledBody>b__11_0",1,0.00,875,0.23,0,0,0,0,
"Microsoft.Quantum.Primitive.X.get_AdjointBody",1,0.00,1,0.00,0,0,0,0,
"Microsoft.Quantum.Samples.IntegerFactorization.OrderFindingOracle.get_MicrosoftQuantumCanonAssertBoolEqual",1,0.00,3,0.00,0,0,0,0,
"Microsoft.Quantum.Samples.IntegerFactorization.OrderFindingOracle.get_MicrosoftQuantumCanonExpMod",1,0.00,1,0.00,0,0,0,0,
"Microsoft.Quantum.Samples.IntegerFactorization.Program.Main",1,0.00,66,0.02,0,0,0,0,
"Microsoft.Quantum.Samples.IntegerFactorization.Shor..ctor",1,0.00,3,0.00,0,0,0,0,
"Microsoft.Quantum.Samples.IntegerFactorization.Shor.Run",1,0.00,11,0.00,0,0,0,0,
"Microsoft.Quantum.Simulation.Common.QubitManager.AllocateOneQubit",1,0.00,2,0.00,0,0,0,0,
"Microsoft.Quantum.Simulation.Common.QubitManager.CreateQubitObject",1,0.00,1,0.00,0,0,0,0,
"Microsoft.Quantum.Simulation.Common.QubitManager.ReleaseOneQubit",1,0.00,1,0.00,0,0,0,0,
"Microsoft.Quantum.Simulation.Core.AdjointedOperation`2[System.ValueTuple`3[System.__Canon,System.__Canon,System.__Canon],System.__Canon]..ctor",1,0.00,7,0.00,0,0,0,0,
"Microsoft.Quantum.Simulation.Core.AdjointedOperation`2[System.ValueTuple`3[System.Int64,System.Int64,System.__Canon],System.__Canon].get_Body",1,0.00,1,0.00,0,0,0,0,
"Microsoft.Quantum.Simulation.Core.AdjointedOperation`2[System.ValueTuple`4[Microsoft.Quantum.Simulation.Core.Pauli,System.Int64,System.Int64,System.__Canon],System.__Canon].get_Body",1,0.00,1,0.00,0,0,0,0,
"Microsoft.Quantum.Simulation.Core.ControlledOperation`2[System.__Canon,System.__Canon]..ctor",1,0.00,2,0.00,0,0,0,0,
"Microsoft.Quantum.Simulation.Core.ControlledOperation`2[System.__Canon,System.__Canon].get_AdjointBody",1,0.00,1,0.00,0,0,0,0,
"Microsoft.Quantum.Simulation.Core.ControlledOperation`2[System.__Canon,System.__Canon].get_ControlledBody",1,0.00,1,0.00,0,0,0,0,
"Microsoft.Quantum.Simulation.Core.ControlledOperation`2[System.ValueTuple`2[System.Int64,System.__Canon],System.__Canon]..ctor",1,0.00,2,0.00,0,0,0,0,
"Microsoft.Quantum.Simulation.Core.ControlledOperation`2[System.ValueTuple`3[System.Int64,System.Int64,System.__Canon],System.__Canon].get_AdjointBody",1,0.00,1,0.00,0,0,0,0,
"Microsoft.Quantum.Simulation.Core.GenericOperation.<.ctor>b__3_0",1,0.00,9,0.00,0,0,0,0,
"Microsoft.Quantum.Simulation.Core.GenericOperation.Microsoft.Quantum.Simulation.Core.ICallable.Apply",1,0.00,1,0.00,0,0,0,0,
"Microsoft.Quantum.Simulation.Core.GenericOperation.Microsoft.Quantum.Simulation.Core.ICallable.Apply",1,0.00,"89,064",23.33,0,0,0,0,
"Microsoft.Quantum.Simulation.Core.Operation`2[System.__Canon,System.__Canon].<.ctor>b__2_1",1,0.00,3,0.00,0,0,0,0,
"Microsoft.Quantum.Simulation.Core.Operation`2[System.__Canon,System.Double]..ctor",1,0.00,1,0.00,0,0,0,0,
"Microsoft.Quantum.Simulation.Core.Operation`2[System.__Canon,System.Int64]..ctor",1,0.00,1,0.00,0,0,0,0,
"Microsoft.Quantum.Simulation.Core.Operation`2[System.ValueTuple`2[System.__Canon,System.__Canon],System.__Canon]..ctor",1,0.00,1,0.00,0,0,0,0,
"Microsoft.Quantum.Simulation.Core.Operation`2[System.ValueTuple`2[System.__Canon,System.__Canon],System.__Canon].<.ctor>b__2_0",1,0.00,1,0.00,0,0,0,0,
"Microsoft.Quantum.Simulation.Core.Operation`2[System.ValueTuple`2[System.__Canon,System.__Canon],System.__Canon].<.ctor>b__2_1",1,0.00,4,0.00,0,0,0,0,
"Microsoft.Quantum.Simulation.Core.Operation`2[System.ValueTuple`2[System.__Canon,System.__Canon],System.__Canon].Apply",1,0.00,"1,39,813",36.62,0,0,0,0,
"Microsoft.Quantum.Simulation.Core.Operation`2[System.ValueTuple`2[System.__Canon,System.__Canon],System.__Canon].Microsoft.Quantum.Simulation.Core.ICallable.Apply",1,0.00,"1,30,732",34.25,0,0,0,0,
"Microsoft.Quantum.Simulation.Core.Operation`2[System.ValueTuple`2[System.__Canon,System.ValueTuple`2[System.__Canon,System.__Canon]],System.__Canon]..ctor",1,0.00,1,0.00,0,0,0,0,
"Microsoft.Quantum.Simulation.Core.Operation`2[System.ValueTuple`2[System.__Canon,System.ValueTuple`2[System.__Canon,System.ValueTuple`3[System.Int64,System.Int64,System.__Canon]]],System.__Canon]..ctor",1,0.00,1,0.00,0,0,0,0,
"Microsoft.Quantum.Simulation.Core.Operation`2[System.ValueTuple`2[System.__Canon,System.ValueTuple`3[System.Int64,System.Int64,System.__Canon]],System.__Canon].Apply",1,0.00,"1,46,490",38.37,0,0,0,0,
"Microsoft.Quantum.Simulation.Core.Operation`2[System.ValueTuple`2[System.Int64,System.Int64],System.Int64].Apply",1,0.00,"2,676",0.70,0,0,0,0,
"Microsoft.Quantum.Simulation.Core.Operation`2[System.ValueTuple`2[System.Int64,System.Int64],System.ValueTuple`2[System.Int64,System.Int64]].Apply",1,0.00,"6,007",1.57,0,0,0,0,
"Microsoft.Quantum.Simulation.Core.Operation`2[System.ValueTuple`2[System.ValueTuple`2[System.Int64,System.Int64],System.Int64],System.ValueTuple`2[System.Int64,System.Int64]].Microsoft.Quantum.Simulation.Core.ICallable.Apply",1,0.00,9,0.00,0,0,0,0,
"Microsoft.Quantum.Simulation.Core.Operation`2[System.ValueTuple`3[Microsoft.Quantum.Simulation.Core.Pauli,System.Double,System.__Canon],System.__Canon]..ctor",1,0.00,1,0.00,0,0,0,0,
"Microsoft.Quantum.Simulation.Core.Operation`2[System.ValueTuple`3[System.__Canon,System.__Canon,System.__Canon],System.__Canon].Apply",1,0.00,"87,408",22.90,0,0,0,0,
"Microsoft.Quantum.Simulation.Core.Operation`2[System.ValueTuple`3[System.Int64,System.Int64,System.Boolean],System.Int64].Apply",1,0.00,"1,49,832",39.25,0,0,0,0,
"Microsoft.Quantum.Simulation.Core.Operation`2[System.ValueTuple`3[System.Int64,System.Int64,System.Int64],System.Int64].Apply",1,0.00,"1,088",0.29,0,0,0,0,
"Microsoft.Quantum.Simulation.Core.Operation`2[System.ValueTuple`4[System.__Canon,System.__Canon,Microsoft.Quantum.Simulation.Core.Result,System.__Canon],System.__Canon]..ctor",1,0.00,1,0.00,0,0,0,0,
"Microsoft.Quantum.Simulation.Core.Operation`2[System.ValueTuple`4[System.Int64,System.Int64,System.Int64,System.__Canon],System.__Canon].FindPartialType",1,0.00,2,0.00,0,0,0,0,
"Microsoft.Quantum.Simulation.Core.PartialApplication`3[System.__Canon,System.ValueTuple`4[System.Int64,System.Int64,System.__Canon,System.__Canon],System.__Canon]..ctor",1,0.00,6,0.00,0,0,0,0,
"Microsoft.Quantum.Simulation.Core.PartialApplication`3[System.__Canon,System.ValueTuple`4[System.Int64,System.Int64,System.__Canon,System.__Canon],System.__Canon].<get_ControlledAdjointBody>b__18_0",1,0.00,"65,418",17.14,0,0,0,0,
"Microsoft.Quantum.Simulation.Core.PartialApplication`3[System.__Canon,System.ValueTuple`4[System.Int64,System.Int64,System.__Canon,System.__Canon],System.__Canon].GetQubits",1,0.00,1,0.00,0,0,0,0,
"Microsoft.Quantum.Simulation.Core.PartialApplication`3[System.ValueTuple`2[System.Int64,System.__Canon],System.ValueTuple`4[System.Int64,System.Int64,System.Int64,System.__Canon],System.__Canon].<get_ControlledBody>b__16_0",1,0.00,"1,49,455",39.15,0,0,0,0,
"Microsoft.Quantum.Simulation.Core.PartialCapturedQubits`2[System.__Canon,System.ValueTuple`4[System.Int64,System.Int64,System.__Canon,System.__Canon]]..ctor",1,0.00,1,0.00,0,0,0,0,
"Microsoft.Quantum.Simulation.Core.PartialMapper.PopNextArgs",1,0.00,1,0.00,0,0,0,0,
"Microsoft.Quantum.Simulation.Core.PartialUnitary`2[System.__Canon,System.ValueTuple`2[System.__Canon,System.__Canon]].Microsoft.Quantum.Simulation.Core.IAdjointable.get_Adjoint",1,0.00,1,0.00,0,0,0,0,
"Microsoft.Quantum.Simulation.Core.QArray`1[System.__Canon].set_Item",1,0.00,1,0.00,0,0,0,0,
"Microsoft.Quantum.Simulation.Core.Range..ctor",1,0.00,1,0.00,0,0,0,0,
"Microsoft.Quantum.Simulation.Core.TypeExtensions.IsMissing",1,0.00,1,0.00,0,0,0,0,
"Microsoft.Quantum.Simulation.Core.Unitary`1[System.ValueTuple`2[System.__Canon,System.__Canon]].Microsoft.Quantum.Simulation.Core.IUnitary.get_Adjoint",1,0.00,1,0.00,0,0,0,0,
"Microsoft.Quantum.Simulation.Core.Unitary`1[System.ValueTuple`2[System.__Canon,System.__Canon]].Microsoft.Quantum.Simulation.Core.IUnitary<I>.get_Controlled",1,0.00,1,0.00,0,0,0,0,
"Microsoft.Quantum.Simulation.Core.Unitary`1[System.ValueTuple`3[System.Int64,System.Int64,System.__Canon]].Microsoft.Quantum.Simulation.Core.IUnitary<I>.get_Adjoint",1,0.00,1,0.00,0,0,0,0,
"Microsoft.Quantum.Simulation.Core.Unitary`1[System.ValueTuple`4[System.Int64,System.Int64,System.Int64,System.__Canon]].Microsoft.Quantum.Simulation.Core.IUnitary.Partial",1,0.00,10,0.00,0,0,0,0,
"Microsoft.Quantum.Simulation.Simulators.Extensions+<>c__1`1[System.__Canon]..cctor",1,0.00,1,0.00,0,0,0,0,
"Microsoft.Quantum.Simulation.Simulators.QuantumSimulator+QSimAssertProb..ctor",1,0.00,4,0.00,0,0,0,0,
"Microsoft.Quantum.Simulation.Simulators.QuantumSimulator+QSimM.get_Body",1,0.00,1,0.00,0,0,0,0,
"Microsoft.Quantum.Simulation.Simulators.QuantumSimulator+QSimrandom.get_Body",1,0.00,2,0.00,0,0,0,0,
"Microsoft.Quantum.Simulation.Simulators.QuantumSimulator+QSimrandom+<>c..cctor",1,0.00,1,0.00,0,0,0,0,
"Microsoft.Quantum.Simulation.Simulators.QuantumSimulator+QubitManagerBase.ReleaseOneQubit",1,0.00,"1,131",0.30,0,0,0,0,
"Microsoft.Quantum.Simulation.Simulators.SimulatorBase+<>c..cctor",1,0.00,1,0.00,0,0,0,0,
"Microsoft.Quantum.Simulation.Simulators.SimulatorBase+Release.Apply",1,0.00,1,0.00,0,0,0,0,
"System.ValueTuple`2[System.__Canon,System.ValueTuple`2[System.__Canon,System.__Canon]]..ctor",1,0.00,1,0.00,0,0,0,0,
"System.ValueTuple`2[System.__Canon,System.ValueTuple`2[System.__Canon,System.ValueTuple`3[System.Int64,System.Int64,System.__Canon]]]..ctor",1,0.00,1,0.00,0,0,0,0,
"System.ValueTuple`2[System.Double,System.__Canon]..ctor",1,0.00,1,0.00,0,0,0,0,
"System.ValueTuple`2[System.Int64,System.Int64]..ctor",1,0.00,1,0.00,0,0,0,0,
"[cryptsp.dll]",0,0.00,1,0.00,0,0,0,0,
"[dotnet.exe]",0,0.00,140,0.04,0,0,0,0,
"[gdi32full.dll]",0,0.00,1,0.00,0,0,0,0,
"[oleaut32.dll]",0,0.00,1,0.00,0,0,0,0,
"dynamicClass.IL_STUB_PInvoke",0,0.00,1,0.00,0,0,0,0,
"Microsoft.Quantum.Canon._EnableExtraAssertsForArithmetic..ctor",0,0.00,1,0.00,0,0,0,0,
"Microsoft.Quantum.Canon.ApplyPhaseLEOperationOnLECA..ctor",0,0.00,2,0.00,0,0,0,0,
"Microsoft.Quantum.Canon.AsQubitArray..ctor",0,0.00,1,0.00,0,0,0,0,
"Microsoft.Quantum.Canon.AssertBoolEqual..ctor",0,0.00,1,0.00,0,0,0,0,
"Microsoft.Quantum.Canon.BoolArrFromPositiveInt..ctor",0,0.00,2,0.00,0,0,0,0,
"Microsoft.Quantum.Canon.BoolArrFromPositiveInt.get_AssertBoolEqual",0,0.00,3,0.00,0,0,0,0,
"Microsoft.Quantum.Canon.BoolFromResult..ctor",0,0.00,1,0.00,0,0,0,0,
"Microsoft.Quantum.Canon.ContinuedFractionConvergent..ctor",0,0.00,2,0.00,0,0,0,0,
"Microsoft.Quantum.Canon.DiscretePhaseEstimationIteration..ctor",0,0.00,2,0.00,0,0,0,0,
"Microsoft.Quantum.Canon.DiscretePhaseEstimationIteration.get_MicrosoftQuantumExtensionsConvertToDouble",0,0.00,1,0.00,0,0,0,0,
"Microsoft.Quantum.Canon.DiscretePhaseEstimationIteration.get_MicrosoftQuantumPrimitiveRz",0,0.00,1,0.00,0,0,0,0,
"Microsoft.Quantum.Canon.ExpMod..ctor",0,0.00,2,0.00,0,0,0,0,
"Microsoft.Quantum.Canon.ExpMod.get_BoolArrFromPositiveInt",0,0.00,6,0.00,0,0,0,0,
"Microsoft.Quantum.Canon.ExtendedGCD..ctor",0,0.00,1,0.00,0,0,0,0,
"Microsoft.Quantum.Canon.GCD..ctor",0,0.00,1,0.00,0,0,0,0,
"Microsoft.Quantum.Canon.GCD.<get_Body>b__7_0",0,0.00,9,0.00,0,0,0,0,
"Microsoft.Quantum.Canon.InPlaceXorLE..ctor",0,0.00,2,0.00,0,0,0,0,
"Microsoft.Quantum.Canon.InPlaceXorLE.<get_Body>b__9_0",0,0.00,9,0.00,0,0,0,0,
"Microsoft.Quantum.Canon.InverseMod.<get_Body>b__11_0",0,0.00,"1,881",0.49,0,0,0,0,
"Microsoft.Quantum.Canon.InverseMod.get_Modulus",0,0.00,3,0.00,0,0,0,0,
"Microsoft.Quantum.Canon.IsCoprime.<get_Body>b__7_0",0,0.00,"4,226",1.11,0,0,0,0,
"Microsoft.Quantum.Canon.LogOf2.<get_Body>b__5_0",0,0.00,1,0.00,0,0,0,0,
"Microsoft.Quantum.Canon.MeasureIntegerBE..ctor",0,0.00,1,0.00,0,0,0,0,
"Microsoft.Quantum.Canon.ModularAddProductLE..ctor",0,0.00,2,0.00,0,0,0,0,
"Microsoft.Quantum.Canon.ModularAddProductLE.<get_ControlledAdjointBody>b__19_0",0,0.00,"71,048",18.61,0,0,0,0,
"Microsoft.Quantum.Canon.ModularAddProductLE.<get_ControlledBody>b__17_0",0,0.00,"70,858",18.56,0,0,0,0,
"Microsoft.Quantum.Canon.ModularAddProductLE.get_Allocate",0,0.00,1,0.00,0,0,0,0,
"Microsoft.Quantum.Canon.ModularAddProductLE.get_Release",0,0.00,1,0.00,0,0,0,0,
"Microsoft.Quantum.Canon.ModularMultiplyByConstantLE..ctor",0,0.00,2,0.00,0,0,0,0,
"Microsoft.Quantum.Canon.ModularMultiplyByConstantLE.get_InverseMod",0,0.00,1,0.00,0,0,0,0,
"Microsoft.Quantum.Canon.ModularMultiplyByConstantLE.get_Release",0,0.00,2,0.00,0,0,0,0,
"Microsoft.Quantum.Canon.Modulus.<get_Body>b__7_0",0,0.00,17,0.00,0,0,0,0,
"Microsoft.Quantum.Canon.Modulus.get_AssertBoolEqual",0,0.00,2,0.00,0,0,0,0,
"Microsoft.Quantum.Canon.PositiveIntFromResultArr..ctor",0,0.00,1,0.00,0,0,0,0,
"Microsoft.Quantum.Canon.QuantumPhaseEstimation..ctor",0,0.00,4,0.00,0,0,0,0,
"Microsoft.Quantum.Canon.RandomInt.<get_Body>b__13_0",0,0.00,13,0.00,0,0,0,0,
"Microsoft.Quantum.Canon.RandomIntPow2.<get_Body>b__7_0",0,0.00,5,0.00,0,0,0,0,
"Microsoft.Quantum.Canon.RealMod..ctor",0,0.00,2,0.00,0,0,0,0,
"Microsoft.Quantum.Canon.RealMod.<get_Body>b__13_0",0,0.00,7,0.00,0,0,0,0,
"Microsoft.Quantum.Canon.RealMod.get_MicrosoftQuantumExtensionsMathCos",0,0.00,1,0.00,0,0,0,0,
"Microsoft.Quantum.Canon.RobustPhaseEstimation..ctor",0,0.00,1,0.00,0,0,0,0,
"Microsoft.Quantum.Canon.RobustPhaseEstimation.get_DiscretePhaseEstimationIteration",0,0.00,2,0.00,0,0,0,0,
"Microsoft.Quantum.Canon.RobustPhaseEstimation.get_Reset",0,0.00,3,0.00,0,0,0,0,
"Microsoft.Quantum.Canon.WithA`1[System.__Canon]..ctor",0,0.00,1,0.00,0,0,0,0,
"Microsoft.Quantum.Extensions.Convert.Native+ToDouble..ctor",0,0.00,1,0.00,0,0,0,0,
"Microsoft.Quantum.Extensions.Math.Native+AbsI..ctor",0,0.00,2,0.00,0,0,0,0,
"Microsoft.Quantum.Extensions.Math.Native+ArcTan2..ctor",0,0.00,1,0.00,0,0,0,0,
"Microsoft.Quantum.Extensions.Math.Native+Ceiling..ctor",0,0.00,1,0.00,0,0,0,0,
"Microsoft.Quantum.Extensions.Math.Native+Cos..ctor",0,0.00,1,0.00,0,0,0,0,
"Microsoft.Quantum.Extensions.Math.Native+PI..ctor",0,0.00,1,0.00,0,0,0,0,
"Microsoft.Quantum.Extensions.Math.Native+Sin.get_Body",0,0.00,1,0.00,0,0,0,0,
"Microsoft.Quantum.Extensions.Testing.AssertAllZeroTol..ctor",0,0.00,2,0.00,0,0,0,0,
"Microsoft.Quantum.Extensions.Testing.AssertQubitTol..ctor",0,0.00,1,0.00,0,0,0,0,
"Microsoft.Quantum.Primitive.RFrac..ctor",0,0.00,1,0.00,0,0,0,0,
"Microsoft.Quantum.Primitive.Rz.<get_Body>b__7_0",0,0.00,58,0.02,0,0,0,0,
"Microsoft.Quantum.Samples.IntegerFactorization.EstimatePeriod..ctor",0,0.00,1,0.00,0,0,0,0,
"Microsoft.Quantum.Samples.IntegerFactorization.EstimatePeriod.get_MicrosoftQuantumCanonInPlaceXorLE",0,0.00,1,0.00,0,0,0,0,
"Microsoft.Quantum.Samples.IntegerFactorization.OrderFindingOracle..ctor",0,0.00,2,0.00,0,0,0,0,
"Microsoft.Quantum.Samples.IntegerFactorization.OrderFindingOracle.get_MicrosoftQuantumCanonIsCoprime",0,0.00,2,0.00,0,0,0,0,
"Microsoft.Quantum.Samples.IntegerFactorization.OrderFindingOracle.get_MicrosoftQuantumCanonModularMultiplyByConstantLE",0,0.00,1,0.00,0,0,0,0,
"Microsoft.Quantum.Samples.IntegerFactorization.Shor.<get_Body>b__19_0",0,0.00,"1,49,892",39.26,0,0,0,0,
"Microsoft.Quantum.Simulation.Common.QubitManagerTrackingScope..ctor",0,0.00,1,0.00,0,0,0,0,
"Microsoft.Quantum.Simulation.Core.ControlledOperation`2[System.__Canon,System.__Canon].<get_ControlledBody>b__11_0",0,0.00,479,0.13,0,0,0,0,
"Microsoft.Quantum.Simulation.Core.ControlledOperation`2[System.ValueTuple`2[System.__Canon,System.__Canon],System.__Canon]..ctor",0,0.00,3,0.00,0,0,0,0,
"Microsoft.Quantum.Simulation.Core.ControlledOperation`2[System.ValueTuple`2[System.__Canon,System.ValueTuple`3[System.Int64,System.Int64,System.__Canon]],System.__Canon]..ctor",0,0.00,3,0.00,0,0,0,0,
"Microsoft.Quantum.Simulation.Core.ControlledOperation`2[System.ValueTuple`3[Microsoft.Quantum.Simulation.Core.Pauli,System.Double,System.__Canon],System.__Canon]..ctor",0,0.00,2,0.00,0,0,0,0,
"Microsoft.Quantum.Simulation.Core.ControlledOperation`2[System.ValueTuple`3[System.Int64,System.Int64,System.__Canon],System.__Canon]..ctor",0,0.00,3,0.00,0,0,0,0,
"Microsoft.Quantum.Simulation.Core.ControlledOperation`2[System.ValueTuple`3[System.Int64,System.Int64,System.__Canon],System.__Canon].<get_ControlledBody>b__11_0",0,0.00,"64,655",16.94,0,0,0,0,
"Microsoft.Quantum.Simulation.Core.ControlledOperation`2[System.ValueTuple`4[Microsoft.Quantum.Simulation.Core.Pauli,System.Int64,System.Int64,System.__Canon],System.__Canon]..ctor",0,0.00,2,0.00,0,0,0,0,
"Microsoft.Quantum.Simulation.Core.ControlledOperation`2[System.ValueTuple`4[System.Int64,System.Int64,System.__Canon,System.__Canon],System.__Canon]..ctor",0,0.00,2,0.00,0,0,0,0,
"Microsoft.Quantum.Simulation.Core.Operation`2[System.__Canon,Microsoft.Quantum.Simulation.Core.Result].Apply",0,0.00,1,0.00,0,0,0,0,
"Microsoft.Quantum.Simulation.Core.Operation`2[System.__Canon,System.Boolean].Apply",0,0.00,2,0.00,0,0,0,0,
"Microsoft.Quantum.Simulation.Core.Operation`2[System.__Canon,System.Int64].Apply",0,0.00,2,0.00,0,0,0,0,
"Microsoft.Quantum.Simulation.Core.Operation`2[System.__Canon,System.Int64].Microsoft.Quantum.Simulation.Core.ICallable.Apply",0,0.00,2,0.00,0,0,0,0,
"Microsoft.Quantum.Simulation.Core.Operation`2[System.Double,System.Double].Apply",0,0.00,1,0.00,0,0,0,0,
"Microsoft.Quantum.Simulation.Core.Operation`2[System.Double,System.Double].Microsoft.Quantum.Simulation.Core.ICallable.Apply",0,0.00,4,0.00,0,0,0,0,
"Microsoft.Quantum.Simulation.Core.Operation`2[System.Double,System.Int64].Apply",0,0.00,2,0.00,0,0,0,0,
"Microsoft.Quantum.Simulation.Core.Operation`2[System.Double,System.Int64].Microsoft.Quantum.Simulation.Core.ICallable.Apply",0,0.00,3,0.00,0,0,0,0,
"Microsoft.Quantum.Simulation.Core.Operation`2[System.Int64,System.Int64].Apply",0,0.00,4,0.00,0,0,0,0,
"Microsoft.Quantum.Simulation.Core.Operation`2[System.ValueTuple`2[System.__Canon,System.ValueTuple`2[System.__Canon,System.__Canon]],System.__Canon].Microsoft.Quantum.Simulation.Core.ICallable<I,O>.Apply",0,0.00,"1,41,173",36.98,0,0,0,0,
"Microsoft.Quantum.Simulation.Core.Operation`2[System.ValueTuple`2[System.__Canon,System.ValueTuple`2[System.Int64,System.__Canon]],System.__Canon].<.ctor>b__2_0",0,0.00,1,0.00,0,0,0,0,
"Microsoft.Quantum.Simulation.Core.Operation`2[System.ValueTuple`2[System.__Canon,System.ValueTuple`2[System.Int64,System.__Canon]],System.__Canon].Apply",0,0.00,"1,49,459",39.15,0,0,0,0,
"Microsoft.Quantum.Simulation.Core.Operation`2[System.ValueTuple`2[System.__Canon,System.ValueTuple`2[System.Int64,System.__Canon]],System.__Canon].Microsoft.Quantum.Simulation.Core.ICallable.Apply",0,0.00,"1,49,460",39.15,0,0,0,0,
"Microsoft.Quantum.Simulation.Core.Operation`2[System.ValueTuple`2[System.__Canon,System.ValueTuple`3[System.Int64,System.Int64,System.__Canon]],System.__Canon].<.ctor>b__2_1",0,0.00,3,0.00,0,0,0,0,
"Microsoft.Quantum.Simulation.Core.Operation`2[System.ValueTuple`2[System.__Canon,System.ValueTuple`3[System.Int64,System.Int64,System.__Canon]],System.__Canon].Microsoft.Quantum.Simulation.Core.ICallable<I,O>.Apply",0,0.00,"1,46,490",38.37,0,0,0,0,
"Microsoft.Quantum.Simulation.Core.Operation`2[System.ValueTuple`2[System.__Canon,System.ValueTuple`4[System.Int64,System.Int64,System.__Canon,System.__Canon]],System.__Canon].Apply",0,0.00,"1,41,911",37.17,0,0,0,0,
"Microsoft.Quantum.Simulation.Core.Operation`2[System.ValueTuple`2[System.__Canon,System.ValueTuple`4[System.Int64,System.Int64,System.__Canon,System.__Canon]],System.__Canon].Microsoft.Quantum.Simulation.Core.ICallable<I,O>.Apply",0,0.00,"1,41,911",37.17,0,0,0,0,
"Microsoft.Quantum.Simulation.Core.Operation`2[System.ValueTuple`2[System.Double,System.__Canon],System.__Canon].Apply",0,0.00,60,0.02,0,0,0,0,
"Microsoft.Quantum.Simulation.Core.Operation`2[System.ValueTuple`2[System.Double,System.__Canon],System.__Canon].Microsoft.Quantum.Simulation.Core.ICallable<I,O>.Apply",0,0.00,60,0.02,0,0,0,0,
"Microsoft.Quantum.Simulation.Core.Operation`2[System.ValueTuple`2[System.Double,System.Double],System.Double].Apply",0,0.00,1,0.00,0,0,0,0,
"Microsoft.Quantum.Simulation.Core.Operation`2[System.ValueTuple`2[System.Double,System.Double],System.Double].Microsoft.Quantum.Simulation.Core.ICallable.Apply",0,0.00,1,0.00,0,0,0,0,
"Microsoft.Quantum.Simulation.Core.Operation`2[System.ValueTuple`2[System.Int64,System.__Canon],System.__Canon].<.ctor>b__2_1",0,0.00,3,0.00,0,0,0,0,
"Microsoft.Quantum.Simulation.Core.Operation`2[System.ValueTuple`2[System.Int64,System.Boolean],System.ValueTuple`2[System.Int64,System.Int64]].Apply",0,0.00,"1,49,894",39.27,0,0,0,0,
"Microsoft.Quantum.Simulation.Core.Operation`2[System.ValueTuple`2[System.Int64,System.Boolean],System.ValueTuple`2[System.Int64,System.Int64]].Microsoft.Quantum.Simulation.Core.ICallable.Apply",0,0.00,"1,49,897",39.27,0,0,0,0,
"Microsoft.Quantum.Simulation.Core.Operation`2[System.ValueTuple`2[System.Int64,System.Int64],System.Boolean].Apply",0,0.00,"4,227",1.11,0,0,0,0,
"Microsoft.Quantum.Simulation.Core.Operation`2[System.ValueTuple`2[System.Int64,System.Int64],System.Boolean].Microsoft.Quantum.Simulation.Core.ICallable.Apply",0,0.00,"4,228",1.11,0,0,0,0,
"Microsoft.Quantum.Simulation.Core.Operation`2[System.ValueTuple`2[System.ValueTuple`2[System.Int64,System.Int64],System.Int64],System.ValueTuple`2[System.Int64,System.Int64]].Apply",0,0.00,8,0.00,0,0,0,0,
"Microsoft.Quantum.Simulation.Core.Operation`2[System.ValueTuple`3[Microsoft.Quantum.Simulation.Core.Pauli,System.Double,System.__Canon],System.__Canon].<.ctor>b__2_0",0,0.00,1,0.00,0,0,0,0,
"Microsoft.Quantum.Simulation.Core.Operation`2[System.ValueTuple`3[Microsoft.Quantum.Simulation.Core.Pauli,System.Double,System.__Canon],System.__Canon].<.ctor>b__2_1",0,0.00,2,0.00,0,0,0,0,
"Microsoft.Quantum.Simulation.Core.Operation`2[System.ValueTuple`3[System.Double,System.Double,System.Double],System.Double].Apply",0,0.00,8,0.00,0,0,0,0,
"Microsoft.Quantum.Simulation.Core.Operation`2[System.ValueTuple`3[System.Double,System.Double,System.Double],System.Double].Microsoft.Quantum.Simulation.Core.ICallable.Apply",0,0.00,9,0.00,0,0,0,0,
"Microsoft.Quantum.Simulation.Core.Operation`2[System.ValueTuple`3[System.Int64,System.__Canon,System.__Canon],System.Double].Apply",0,0.00,"1,49,770",39.23,0,0,0,0,
"Microsoft.Quantum.Simulation.Core.Operation`2[System.ValueTuple`3[System.Int64,System.__Canon,System.__Canon],System.Double].Microsoft.Quantum.Simulation.Core.ICallable.Apply",0,0.00,"1,49,770",39.23,0,0,0,0,
"Microsoft.Quantum.Simulation.Core.Operation`2[System.ValueTuple`3[System.Int64,System.Int64,System.__Canon],System.__Canon].<.ctor>b__2_1",0,0.00,4,0.00,0,0,0,0,
"Microsoft.Quantum.Simulation.Core.Operation`2[System.ValueTuple`3[System.Int64,System.Int64,System.Boolean],System.Int64].Microsoft.Quantum.Simulation.Core.ICallable.Apply",0,0.00,"1,49,832",39.25,0,0,0,0,
"Microsoft.Quantum.Simulation.Core.Operation`2[System.ValueTuple`4[Microsoft.Quantum.Simulation.Core.Pauli,System.Int64,System.Int64,System.__Canon],System.__Canon].<.ctor>b__2_1",0,0.00,3,0.00,0,0,0,0,
"Microsoft.Quantum.Simulation.Core.Operation`2[System.ValueTuple`4[System.Int64,System.Int64,System.__Canon,System.__Canon],System.__Canon].<.ctor>b__2_1",0,0.00,2,0.00,0,0,0,0,
"Microsoft.Quantum.Simulation.Core.Operation`2[System.ValueTuple`4[System.Int64,System.Int64,System.Int64,System.__Canon],System.__Canon].Partial",0,0.00,6,0.00,0,0,0,0,
"Microsoft.Quantum.Simulation.Core.Operation`2[System.ValueTuple`5[System.__Canon,System.Int64,System.Double,System.__Canon,System.__Canon],System.__Canon].Apply",0,0.00,"1,49,671",39.21,0,0,0,0,
"Microsoft.Quantum.Simulation.Core.Operation`2[System.ValueTuple`5[System.__Canon,System.Int64,System.Double,System.__Canon,System.__Canon],System.__Canon].Microsoft.Quantum.Simulation.Core.ICallable<I,O>.Apply",0,0.00,"1,49,671",39.21,0,0,0,0,
"Microsoft.Quantum.Simulation.Core.Operation`2+<>c[System.ValueTuple`4[System.Int64,System.Int64,System.Int64,System.__Canon],System.__Canon]..cctor",0,0.00,1,0.00,0,0,0,0,
"Microsoft.Quantum.Simulation.Core.PartialApplication`3[System.ValueTuple`2[System.Int64,System.__Canon],System.ValueTuple`4[System.Int64,System.Int64,System.Int64,System.__Canon],System.__Canon]..ctor",0,0.00,1,0.00,0,0,0,0,
"Microsoft.Quantum.Simulation.Core.PartialCapturedQubits`2+<>c__DisplayClass1_0[System.ValueTuple`2[System.Int64,System.__Canon],System.ValueTuple`4[System.Int64,System.Int64,System.Int64,System.__Canon]].<.ctor>b__0",0,0.00,8,0.00,0,0,0,0,
"Microsoft.Quantum.Simulation.Simulators.Extensions.InitBuiltinOperations",0,0.00,23,0.01,0,0,0,0,
"Microsoft.Quantum.Simulation.Simulators.QuantumSimulator..ctor",0,0.00,39,0.01,0,0,0,0,
"Microsoft.Quantum.Simulation.Simulators.QuantumSimulator+QSimAssert..ctor",0,0.00,2,0.00,0,0,0,0,
"Microsoft.Quantum.Simulation.Simulators.QuantumSimulator+QSimM+<>c.<get_Body>b__6_0",0,0.00,34,0.01,0,0,0,0,
"Microsoft.Quantum.Simulation.Simulators.QuantumSimulator+QSimR..ctor",0,0.00,3,0.00,0,0,0,0,
"Microsoft.Quantum.Simulation.Simulators.QuantumSimulator+QSimX..ctor",0,0.00,1,0.00,0,0,0,0,
"Microsoft.Quantum.Simulation.Simulators.SimulatorBase..ctor",0,0.00,29,0.01,0,0,0,0,
"Microsoft.Quantum.Simulation.Simulators.SimulatorBase+<>c__DisplayClass18_0`3[System.__Canon,System.ValueTuple`2[System.Int64,System.Boolean],System.ValueTuple`2[System.Int64,System.Int64]].<Run>b__0",0,0.00,133,0.03,0,0,0,0,
"Microsoft.Quantum.Simulation.Simulators.SimulatorBase+Message..ctor",0,0.00,1,0.00,0,0,0,0,
"Microsoft.Quantum.Simulation.Simulators.SimulatorBase+Message.<get_Body>b__3_0",0,0.00,1,0.00,0,0,0,0,
"System.Threading.Tasks.Task.Run",0,0.00,9,0.00,0,0,0,0,
"System.Threading.Tasks.Task`1[System.ValueTuple`2[System.Int64,System.Int64]].GetResultCore",0,0.00,2,0.00,0,0,0,0,
"System.Threading.Tasks.Task`1[System.ValueTuple`2[System.Int64,System.Int64]].InnerInvoke",0,0.00,"1,50,031",39.30,0,0,0,0,
"System.Threading.Tasks.Task`1[System.ValueTuple`2[System.Int64,System.Int64]].StartNew",0,0.00,9,0.00,0,0,0,0,
